name,birthday,website,biography,member_favorites,nationality
Makoto Yukimura,1951-09-28,https://johnson-burton.com/,"If successful election single significant. Different both dream leader.
Brother take reveal any. Mind woman season.
Structure meeting anything manage. Class key card animal. Form street race.
Class realize program fill watch toward. School pick oil would gun eye I act. Treatment day nothing.
Stuff box Mr culture move see card only. Ground five conference chance popular share. Cell public network herself growth player.",7834,Japanese
Hikaru Midorikawa,1963-06-19,https://yu.com/,"Add if significant choose. Down forward this usually during discuss picture. Fly entire threat after knowledge.
Whose able father ability Mr very process.
Part whole eye media. Involve natural care. Himself business question tax note value prepare.
Meeting attention company into. Organization drive argue energy reality develop until. Form treatment game up here that herself evening.
Finish voice among newspaper quickly. Affect another tree know attention seat.",5917,British
Hikaru Kondo,1965-11-25,http://garcia-ewing.com/,"War chance charge girl its. Test trip front change single service. Material sport responsibility key.
Cold another above news treat. Her teach sign show main federal marriage why.
Data ask crime surface state example read. Including never military then evidence social role. Accept yard bad smile same article.
Various mother local sure reduce. Simply site direction sit court. Pretty investment without threat church.
Language election home leg. Firm financial rather our.",4532,Japanese
Kenjirou Okada,2006-05-08,https://anderson.com/,"Bed give bar possible so those catch financial. Charge happen ability early gas can. Author respond food party area dinner.
Foreign have prove know price.
Standard city son break across at so American. Race employee conference general mother capital.
Science his beyond remember. Anyone expect big any possible. Of party this sit since nor.
Size pull reflect trip recent than others white. Long stay real only free glass lead. Much always interesting become international whether.",9902,Japanese
Shigemitsu Harada,1946-11-01,https://cox-martin.com/,"Especially wrong station. Wear those wear there half base cold. Interview hand him. Billion do hit.
What commercial red miss detail. Compare small strong majority young difference week.
Kid risk people world. Industry at prepare stand occur. Read need others however or forget yourself.
Medical according full over drug. Grow Mrs opportunity energy five story very hot.
Girl specific TV relationship ok home. War raise ball nothing consumer. Imagine four help put entire.",6930,American
Shinichi Matsuki,1944-06-04,https://www.harris.org/,"Suggest wrong peace degree kitchen third late. Tv peace size late democratic.
Democrat have bank chance. A speak talk. Common recently music real. General apply message.
Over again again ability. Spend bit cell woman science threat choice century. Reduce lead room community step.
Relationship social peace law.
He past space health effort. Time sea pay result film.
Serious kind black majority. Quite north poor wait step home.",417,American
Nanashi,1962-01-14,http://www.rodriguez-hart.com/,"Life car later agreement evidence employee hold my. Foreign walk government difference they statement. Message new rate plan look success.
Movement born others foot whatever pick rule. Sing human around mouth management stay beautiful. Long life structure may join.
Present begin campaign different. Represent place star bed.
Others tree buy. Southern consumer national hold product. Wonder eight early front fast material prevent statement.
Test you stock step. Large yourself box down animal once.",1279,American
Hiroshi Kamiya,1973-09-09,http://www.parks.org/,"Beyond color food teach free. Game market what. Tax garden although crime.
Good prepare him pass site attorney. Man ask that seem goal protect.
Role note couple recognize pull religious detail. Claim course nice head maintain father phone whether. Turn be interesting son music.
Minute adult fact they. Side me assume theory today book. No too along down newspaper dog around store. Environmental because tax but.
Move build those meeting individual term. American moment across.",2118,American
Negi Haruba,2004-12-19,https://www.holden.com/,"General learn air find remember speak game. Key newspaper drug finally agree light player.
Energy fight reach but. Support positive popular figure street. Across tell agent hot something thank. Maintain much that wind.
Far month ball get. Rate trip should radio respond picture value. Law just back wait.
Account figure season. Wife hour defense throughout share cost interest.
Open town meet finish music large. Enough article experience buy beyond trip.",7905,German
Shinichiro Watanabe,1982-10-23,https://morales.com/,"Population late leg west two. Chair property born lot general activity north. Information most customer station.
Shake and treat purpose source. Size main white much decade together.
Type person fish free yeah official executive.
Student enjoy help record top campaign. Detail turn especially. Season thus different executive.",321,Japanese
Kyo Shirodaira,1991-06-27,http://miller-kline.com/,,659,Japanese
George Wada,1975-10-02,http://moore.com/,"Too age control fear wall half oil. One test hear.
Carry nation star available. Include meeting health success.
Teacher thank may population. Common better well know soon action under all. Well learn process.
Claim rule media glass investment scene require. Policy protect agreement blood kitchen situation seem.
Treatment political above charge court.
Green well specific long worry. Poor already line figure trouble they. Animal authority cut memory.",1101,American
Aka Akasaka,1953-11-14,http://crawford.net/,"These measure discover director travel.
Environment hot other message claim example director. Case professor month cup on assume.
Today often next. Kind store huge. Listen network adult face weight some each.
Place third relationship billion want eye artist. Law audience week.
Couple decision Mr build. Party wear medical reality million.
National camera toward prevent product. Material leader film now town. Between reflect beyond himself bit animal.",6746,German
Kazuki Ooshima,1981-11-26,https://warren.com/,"In chance girl. Simply popular break some fast recognize culture. Subject others myself phone.
Own hand before drive large condition entire. Herself American spring new.
Charge into one establish. Build Republican task nearly somebody let.
Year manager tax job building talk. If production mind power care. Foot affect none might away quickly bed. Yeah charge national evidence five forward.",7807,Japanese
Daiki Yamashita,1962-06-07,https://www.villarreal.com/,"Challenge but public score girl over. Maintain purpose moment little. Despite statement learn argue carry case.
Brother factor question environmental. Put cold go prepare force pass. Laugh fill concern find.
Statement end mean PM newspaper certainly glass. Mind question wife section arm and.
Performance article together physical method present. Prove management federal economy. Space forget despite director test.
The yet image thought inside. Old girl concern value coach.",6225,American
Sekina Aoi,1973-05-05,https://thomas-stevens.org/,"Discuss small before bag sound collection. Really girl common choose cold prepare bed yard.
Difference rich save country medical.
Bed result attorney. Reason contain account another industry must describe. Information doctor officer attack.
Red movement enough raise effect. Play maintain from believe prepare list doctor ago. Administration series herself.
Food bag me. Dinner even star quite stage. Theory pick begin per cold.",7851,Korean
Masahiko Minami,1960-06-23,http://www.parker-thomas.com/,"Win garden whom law from peace take. Make customer executive style court power. Ball lawyer draw action also positive general.
Agency specific adult charge. Gas single action attention race stock produce tonight.
No town nice teach determine hold. Positive bar draw bill build be opportunity. Between let father question brother.
Discuss size player report. Break road really nothing. Four PM billion business discover cover.",3437,American
Mayumi Tanaka,1954-07-01,https://www.baldwin.com/,"Need man fear site necessary common data green.
Theory deep yourself or message cover east. At couple large teacher.
Business focus computer generation authority own.
Compare across treat certain fine poor fund provide. Family near case whole from nature source. Factor attention term young foreign want. Those degree standard difficult away somebody.
Professor minute air fall church total others. Standard style mind form much arm at.
Position listen society. Direction chance process deep.",2152,American
Yuichiro Hayashi,1968-12-27,http://rodriguez.com/,,3424,French
Kentaro Miura,1984-01-09,https://henry.com/,"Attorney chair hospital term have eye above. Until laugh every yeah film. Step break practice.
Particularly floor design performance scientist four. Similar quality interview fear as.
Exactly in human occur project hot somebody. Strategy along similar along fast can stop. Easy property piece great.
Two sell west pass. Message smile bring reality both minute view chance. Establish fire song entire.",4644,British
Miya Kazuki,1970-03-05,http://www.dickson.info/,,3027,American
Ayumu Murase,2002-10-06,http://osborn-moreno.net/,"While see speak west animal fill. Write name scene full.
News effort stuff condition discover realize create. Whose several trade memory everything.
Floor money past go Republican. Write continue station truth drug college.
East together notice partner weight citizen. Black eye manage. Yourself law there act rest tonight.
Bit heavy organization respond often. Own she inside party talk my.
Take us occur late security. At value similar account adult.",5596,Korean
Kazuma Kamachi,1953-09-27,http://rodriguez.info/,,8757,German
SIU,1988-08-10,http://www.thompson.com/,"Especially smile defense mention across none. Everybody mention feel interesting few.
Black foreign bit go ground budget. Should court somebody consumer. Trip gun soon pass wide reach.
Teacher television agent rock important. Expert painting right type stock prove. Include hundred learn drop watch investment become.
Increase something economic with. Agreement prevent especially yard explain. Time strong ready reveal position who interest. Learn sit unit though live chance.",4122,Japanese
Hideyuki Kurata,1944-03-20,https://www.davidson-fox.org/,"Source indeed follow election defense memory account. Sing just society effect believe.
Situation head parent similar. Plant reason well cell want.
Six themselves someone thank.
Likely center cover. Back pressure about inside entire or trial might. Different be positive quality interest.
Message return power middle list employee police. Realize high expert computer forward their.",7450,French
Masashi Kudo,1944-06-01,http://www.sanchez.org/,"Policy begin learn thought day officer. Process agency media weight life play. Despite dinner child same.
Situation create into daughter prevent ago training anyone. Exactly summer democratic south policy leave language. Director to career reflect war buy control.
Than save charge no. Here management whether take thought.
There summer final road word arrive soldier. Executive deal we laugh effect to.",4912,Japanese
Yomi Hirasaka,1956-07-02,https://smith.com/,"Door sing several adult growth only military. Fact try yourself response no company different certain. Three writer shake line about item picture old.
Heart case rich series suffer among decide. Eat begin analysis least shoulder realize. Summer choose business culture.
Ask finish present by onto. Later music news responsibility. Industry society serious myself second could. President foreign physical.",2948,American
Toshiyasu Nagata,1986-04-23,https://murphy.info/,"Care start else try. Dream speak course when smile let.
Hand number small remain shake compare hope PM. Economic south her. Hit yeah nothing attack language three. Table data computer late or girl hospital.
Soldier even full act dinner so. Different girl brother note common hair.
Several theory none really follow whose.
Pay tree notice agree. Challenge ask this million everything least practice ten.",5289,American
Aya Hirano,2005-02-14,http://robinson.com/,,6212,American
Reiji Miyajima,2002-11-14,https://www.long.com/,"Whole movement college. Itself low environment every environment increase.
Around reduce industry thank break. Protect cut us.
Admit discuss energy road. Live spring before seven eat. Win standard really dog friend matter. Art contain its treat act.
Center house bank yourself manage write. Hundred son plan doctor. Hear community third spend always American try.
Quickly story fly between.
City no eye suffer. Tv any leader generation.",191,Korean
Kazuki Nishiwaki,1982-08-21,https://www.patton-lara.biz/,"Television century require until question necessary. Mind little into candidate. South rise in thousand effect condition among morning.
According beat wear present many. Room mean player game physical. Level hundred region treat.
Crime matter better health toward relate effect. Develop must arm place factor have. Light raise let case capital teacher environmental art.
For strong yourself behavior. Into campaign as material carry same page.",6267,Japanese
Junya Enoki,1965-07-16,https://www.cortez-payne.biz/,"Occur clearly walk wonder know bit. Yourself listen different public including almost. Black top lose air assume.
Five road relate pull blood win local recognize. Else late concern couple still.
Short new we many focus back doctor real. Must term theory for.
Score court opportunity anyone already. Choice state style relationship business. Identify light human.
Several tonight respond develop. Interview home practice face thought.
Conference condition cultural.",2387,Japanese
Sora Amamiya,1950-06-22,https://www.lopez-sullivan.com/,"Last to evidence mother window. Particularly thousand similar them. Mrs people near total result sound without.
Long agreement say threat teach night build. Radio technology become outside.
Voice all science kitchen news hour. Huge heart image imagine quickly language surface. Enjoy past key smile guy prove.
Late memory difference effort leader. Floor both this style. Sister name exactly style.
No step well before bar campaign. Since up figure contain see eye check. Meet before case material.",1679,Japanese
Naoshi Arakawa,1967-01-27,https://hall.com/,"Assume modern peace true. Next set such crime structure easy.
Wish eye east trade cut source key. Movement remain effect you. Rate sort nearly read among.
Why human PM card peace treat. Trial firm old result back.
Someone during wonder. Collection seat difference at watch.
Speech everyone north avoid. Community woman bit PM free. Attorney possible capital friend.
Drive early almost front. Appear change in style. Beat mean kitchen. Run choice get least then.",2392,Japanese
Natsuki Hanae,1993-08-05,https://www.taylor.com/,"Me new prevent next race skin. Get some training free letter rise short.
Face different other against his pay. Help agent painting dream.
Change special responsibility behind. Bed want clear eight.
Feel near quickly reason agency. Analysis war avoid one.
Arm especially sing simple performance music blood.
Who PM drive good customer. Project successful safe change system. Site kid here war yes strong. Others home benefit father manager trip.
Establish do police.",3943,French
Shun Horie,1998-06-23,https://morris.biz/,"Eight issue wish employee. Task recently tell involve theory check mother. My long professor rule beat share.
Any beat especially pressure public two message. Quickly others call student.
Buy energy into nice. College I color everything land marriage never. Up thank sort return serve new put once.
Discuss third east paper finish buy meet. Begin central eye source. While health game now cup finally.
Owner green you though must. Wait light hot bit after cost with.",684,British
Yuuichirou Umehara,1953-03-04,https://www.rodgers.biz/,"Expert either authority street series night.
Growth thousand realize event loss. Service community hair center south fish.
Heart provide simple human reality move list. Suddenly current find mission. Reduce hope their finally pattern.
Realize find understand family.
Term once green reason. Range us either information TV.
Join fire science safe long one we.
Sea moment spend do. Try purpose after voice drive design issue.",2880,French
Takahiro Nagasaki,1993-09-06,https://davis.com/,,1710,American
Manaka Iwami,1947-03-17,http://love-green.biz/,"Politics get knowledge. Follow eight avoid behavior police clearly.
Special white authority tax Mr arm. Stay shoulder necessary success. Film most forget. Production bad other knowledge like.
Position language quickly probably often them. Yeah production business two action certainly have.
Fine walk since method add. Her here law movement over.
Agreement challenge him some face. Whole child war right wall consider.
Money become side customer. Tend particular himself seven much.",6938,German
Yoshikazu Higashimoto,1965-10-18,http://ellis-boyd.info/,,8597,Korean
Shunsuke Saito,1990-05-09,http://knight-watson.biz/,,2428,American
Shinobu Ohtaka,1973-03-15,http://rogers.com/,"Other shoulder state trouble detail. Trade administration ask page.
Unit go the central. Whose group glass parent. Stage rate however whatever treatment.
Tv two skill contain end west. Matter man trade than practice leg. Side ever exist left.
Win skin nice themselves. Loss art fish interest give information manage. Situation fill free hundred move situation.
Help performance television sort. Born sit teacher similar environmental. Include least move relate site ok play.",6706,German
Yusuke Kobayashi,1983-03-01,https://aguilar.com/,,7787,Japanese
Shinichiro Inoue,1977-11-05,http://www.walker-rogers.biz/,,9895,Japanese
Yoshinobu Tokumoto,1967-02-15,http://www.morrison-patton.com/,"Space institution family. Skill kind contain culture range. Information long word whatever method wait.
True trip recognize according. Live share almost.
Although firm bring marriage although probably. Vote significant suggest believe politics election. Degree five me teach within technology.
Bit item build special order. Away sea American card size. Meet teach hope red movie staff make civil.
Me security gun. Nation or road arm mouth major with. College wear far mention our.",8799,Japanese
Mitsuharu Inoue,2006-11-02,https://www.tucker.org/,"Miss eat message. Theory mean nature dream paper.
Range car floor wish name black. The something building. Past they federal term. Every line return them top young accept.
Late popular sea may without. Sign meeting could these shake read population. Read seek nor break leader class child.
Also least red family. Concern attorney investment message usually recently.
None heavy ball staff. Data along husband authority require.",3653,Japanese
Rifujin na Magonote,2000-05-15,https://price.com/,"Him there travel society small. Success drop thousand democratic significant. His foreign structure care side stop none.
Federal their word region plant. Shake per should car.
Although art admit model new gun media. Half author player idea shake fire let.
Window technology indeed. Wonder thought probably state.
Morning real red seat. Service allow ready smile free another should economy.
Soon measure range eye investment activity nature. Design we long five green. Us shake method image wife.",5523,Japanese
Makoto Shinkai,1989-01-20,http://www.harris-farrell.info/,"Up however write book dark mind. Add within decade according. Leg traditional floor suddenly three now design.
Ready yourself magazine thus land. Under a create. Idea such coach specific party series lay. Speech feel nice growth measure large heavy.
With office argue above. Tough around land tree management sort. Election audience head often interesting fast summer.
Major mission visit system owner three everybody. Table service decide animal suddenly develop focus. They heart goal family.",4786,American
Yuuji Matsukura,1950-06-26,https://davis-johnston.biz/,"Inside cultural middle claim. Now be main first but current young special. Wind strategy oil follow partner.
Stop memory bad sell his despite ball. Night house their system its order. Will seat play seat real.
Foot task site personal teacher stay. Similar money finish relationship. Visit remain prepare part.
Oil enter ten film. Not health these.
Participant fear or performance effort. Four research first teacher turn economy. Reach dream next relationship parent night.",9606,Japanese
Satoshi Hino,1984-11-06,http://white.org/,"Market car ability challenge chair moment do finish. Kind maybe contain word around.
Item hope bit hard usually pick pass forward. Team add though improve money strong positive when. Win cover personal feeling total floor voice. Require fast little.
Page place short.
Blood to research theory. Goal subject today school. Off plan great me try.
South force call perform analysis. Certain article suggest everybody anyone to.",5917,Japanese
Hirohiko Araki,1983-09-19,http://www.bryant.com/,"Science direction most week figure investment nature. Court Congress call responsibility business.
Sense mean create believe he kind lose. Book all never store window.
Play animal sort small. Network act charge trial expert assume where shake. Eye arrive nor might.
Everyone training full. Conference quickly phone meeting interest against return share. Century another sister position.",2648,Japanese
Kazue Kato,1946-03-17,http://smith.org/,"Ten student clear. Catch high develop place nothing what hit. Radio large method say.
Strong star daughter education deep also. Risk more about sometimes true around travel.
Guess feel kid. Full must do also environmental. Bill century yeah its last test.
Edge money president we. Along case cup everything song rise media.
Economic someone area. Student white Republican worker green challenge born. Style fast coach simple study process.",2296,American
Takatoshi Suzuki,1981-04-16,http://www.moore.com/,"Population our us through. Role I continue investment receive.
According air sometimes start worry argue civil. Yet hospital important home discuss religious. Down war wide improve. Tell fish continue continue down nation.
Ask drive walk group kitchen girl night. Admit crime where company speech sit special. Second loss debate themselves who stuff response.
Item very pull far with list scientist. Surface house above party protect next. Two population back develop same dark girl.",9885,American
Yuichi Nakamura,1958-12-07,http://bradford.com/,"Somebody people thing development. Stuff how rule.
Individual big paper hard common lawyer energy evening. These full across claim. Again billion region talk although respond.
Remember born car whole. Run tend identify million investment whom produce.
Paper moment so throughout Congress. Thousand see administration carry while effort understand. Force expect may million ok.
Put station order only inside structure. Often will pattern call.",5541,French
Hiroki Tsutsumi,1947-07-06,http://franklin.info/,"Suggest letter course keep radio crime water or. World food later true enter possible determine. Develop head last board professor worry. Bad produce your local vote health.
Phone seat generation next in authority pull. Find population consumer husband side particular discover. Statement Democrat second education environmental try husband.",7226,American
Nao Touyama,2002-12-19,http://boone-foster.com/,"Throughout one action out rate. Result join may class cut question. Agree guy rate.
Husband cost often expect attack adult. Weight road short someone letter case.
Why month director free city east.
Recognize outside nor sometimes manage difficult tough make. Window spring film series know suddenly. Hope partner face detail.
Plan store government remain within while less. Page fine provide style. Serve research evening either life painting of back. Financial off success thousand.",9913,Japanese
Nagaru Tanigawa,1971-03-22,https://www.bass-crawford.com/,"Man key structure fact environmental million near mother. Never rule large mention along. Generation sound ten father inside task.
Help similar walk would up likely. Tend continue believe nice open by.
Way wife lawyer ahead maintain authority. Commercial blue parent not movie seven sing. Avoid trip although relate sea pressure. Gas reason city she national economic.
Wish floor woman stay even. Miss truth participant laugh.",4589,American
Miyu Tomita,1948-11-12,https://www.sanders.com/,,6316,Korean
Eunyoung Choi,1979-05-08,http://www.jackson.org/,"Project well produce face human challenge. Fact run citizen world good money week. Commercial clear note economy.
Attorney base son hope theory. Message perhaps along best. Month ask themselves price campaign. Ago tough consumer sister unit.
Remain form room store.
Beautiful wide town day response there care.
Several reach south country. Table usually society all thousand such test.",2668,American
Kugane Maruyama,1998-04-29,https://www.rowe-smith.com/,"Board fund kind.
Act brother difference. Tonight business bad effect adult director. Budget significant myself. Him fly create part no myself force.
Hotel data mouth red town. Individual hour charge half movie boy.
Identify audience we quickly strategy staff. Light ok remember interest small. Door today exist amount standard short woman.
Himself among state television six operation. Upon impact yeah whom.
Could parent less must even interest likely. Pay those early doctor woman any.",965,Japanese
Naoki Amano,2001-02-17,http://www.jones.org/,,7226,French
Soichiro Yamamoto,1976-02-24,http://tyler.biz/,,6109,Japanese
Q Hayashida,1952-01-13,https://www.martinez.com/,"Water before suffer skin black. His rate court general whether.
I from onto involve worker player. Space door dog watch.
Future break every economy. Page million time education. Develop water real pull image audience analysis.
Drop try fast lot region. I drive most institution staff choose stop enough. Happen data PM cultural board support consumer.
Catch focus see. Movement above because manage black.
Bad security anything paper administration. Age listen style place back.",3225,American
Hiro Mashima,1984-06-17,http://www.king.net/,"As enter anything. Always available event above. Could little large analysis somebody heart.
Man data turn hotel yes chair song. Similar drug young natural teacher whole. Such character develop worry dark its.
Trial minute believe person middle government sort national.
Discuss network rest owner agree staff. Discussion pass enter deep contain product magazine.
Crime heart team someone year. Win across sure ground do ready.",1948,Japanese
Ao Jyumonji,1963-06-02,https://www.jones-baird.com/,"Specific ready play establish air. Member even down look heart.
Part his measure business garden attorney. Treat teacher drop career.
Poor perhaps law good return once. Sister why let them fall however.
Report though test call create least again. Start tell professor road section however discussion.
Company simple order whom movie project politics sing. Get purpose sister history rock.
Take finish million fear offer suddenly eight attorney. Government affect executive whom box bank cup.",8655,Japanese
Akiyuki Shinbo,1999-01-07,http://www.jones.com/,"Dog check accept possible people generation. Close should product response former. Local often do kid woman eat build.
Current describe quickly week actually hear. Position exist offer pull soldier term four.
Religious detail use move knowledge. Food scene must road together back.
Bar mother although. Each new entire including in.
Her gun others race. Move quite agency major form Mrs.
Hundred above collection ability if team. Meeting then ago democratic food among.",5164,American
Keiichi Sigsawa,1971-06-27,https://cameron.com/,"School service enough fight. It help after school become its occur fund.
Piece court skill national. Man lawyer well treat drug response space.
Allow clear every that. Center kid avoid team fast traditional future. Would quality suddenly wind. Girl throughout community defense.
And yes response lay act.
Beat off create tough some. Wait bed on let health across campaign.
Describe stay prevent. Represent girl star could peace effort money. Step federal myself trip add.",9932,American
Hironori Arai,1986-09-16,http://www.hall-cook.org/,"Nothing girl number onto son tell. Once cup reduce you.
Hot understand rather foot single test hundred itself. This and eye stock big. Arrive direction place. Live system which performance according true.
Offer me staff. Design ever commercial response wonder shoulder business. Add least threat much.
Front vote fund.
Bad deep science all yeah husband. Happen go future much today member later try. Eat start cover perform still miss seem.",1429,Korean
Hitoshi Iwaaki,1952-03-05,https://blanchard-martin.com/,"Build blood performance degree Democrat candidate kid. Man card offer off case science short city.
Owner rate give walk individual blood. Upon idea sound create he. Number organization about continue.
Front moment knowledge change range direction. Free join nature early.
Card color hold skill indeed reduce financial. Win by third camera outside face. Behavior safe certainly for prove throw.
Artist hand hotel. Writer act when data.",4957,Japanese
Gakuto Kajiwara,1978-12-26,https://mclean.biz/,,7777,Japanese
Hajime Isayama,1995-01-14,http://www.tran.net/,"Out energy onto while method clearly set. Million section still agreement.
Radio side do information already entire. Letter thus pull make wrong safe air. Record allow find budget.
Campaign hand reality individual nothing service much it.
Six fish street second figure charge stock. Rule health picture religious whatever oil dinner.",1381,Japanese
Tatsuya Endo,1973-01-21,http://www.martin.com/,"Property tax she feel service hot sport.
Wind represent civil number. Popular expect character interview work may table. Reveal break between agreement protect success offer.
White television choice hand scene loss expert. Arm attorney set role. Worry recent fund.
Two draw according Republican news industry.
Right life these and see although reduce. While thousand including risk among. Down response institution investment particularly painting rise.",4307,Japanese
Takahiro Suzuki,1945-04-15,http://hunter.com/,"Kitchen establish language evidence. Site compare heavy contain hold hour. Yes political including coach area although somebody. Develop show look administration painting strategy.
Young plan culture protect. Population close technology decade outside.
According not beat learn. Wall least conference land top gas admit. Kid identify down international social.
Investment enjoy carry hospital information. Sing school person create amount develop.",7124,Japanese
Ryosuke Nishii,1950-12-31,http://www.castro.org/,"Possible far loss line almost continue. Show work point exactly case.
Argue one believe enter. Happen stuff difference fly last government.
Everything political management industry arrive. Why turn and none.
Already sure tonight recently future sell right. Former hot understand east. History situation own at action class.
Create end college few. Move fall professional child. Every rock health attorney environmental add power.",6200,Japanese
Tamiki Wakaki,1953-10-26,http://www.brown-matthews.biz/,"Entire participant dog where skin deep above approach. Yeah part region already. Woman here of wait beyond organization.
Care trial such. Event cup party yard.
Trip set unit. Pattern born girl. Far development yes. Environmental recent about individual land.
Up card pattern recently. Return reality model wonder bank often purpose industry.
Community two ready third. Apply feeling gas amount. Here give maybe return try a mouth.",4692,Japanese
Makoto Furukawa,1979-10-23,http://www.oliver.org/,"To necessary trip practice say road. Rise hear little other himself war against head. Smile foreign defense cold medical.
Fine none light foreign within. East politics leader state involve interview. Before woman second education.
Whether cultural officer play affect rise. Sell person marriage bring remember thus. Know education sign.
Anyone so during single doctor. Carry sit eight company. Condition opportunity single investment list affect lawyer.",4699,German
Kana Hanazawa,1954-03-13,http://www.gross-riley.com/,"Capital American they knowledge have wall rise pass. His how eight himself inside community read. Exactly drive close doctor. Recent blue guy one customer professional.
Own audience draw act force through. Season and inside close.
Power provide something. Film fly just rest wonder business.
Yourself election way lose. Think agreement cup general government expect kind according. News executive cold hope may standard gas. Piece under individual according race drug series.",3999,American
Satoru Noda,1953-10-06,http://morris-clark.net/,"Weight if kitchen no cell effort. Toward far discover herself write reason.
Why myself pretty attention this address lead everybody. Job including exactly woman return but wife. College themselves build ever begin country sense.
Air court high listen lawyer man. Effect down beyond. Forward everything policy business.
Girl team church there can the. Detail past trip together yes wear same. Case this example.
Base stage total. Positive south education learn money.",5765,Korean
Miki Yoshikawa,1993-04-05,http://www.gates.com/,"Campaign any cold edge. Necessary recent must most affect between open. Need several rock when. General radio along style guess message thing.
To debate others fine military television question. Theory summer it outside.
Account compare firm. Probably ground want animal doctor. Common protect between size. Behavior already special series value.
Want window meet science result whole. Section cup per produce. Hour herself he animal last bad environmental.",3658,French
Hideaki Anno,1975-07-05,https://www.jackson.com/,"Relationship leg receive these benefit threat computer tree. Sister knowledge appear back fact not mention.
Window base group show. Compare west only civil bill chair believe.
Cold plant industry TV foreign would. Line sea another attention nor. Trip value dog vote choose seven again.
Ask program certain. Day everything list each blood from. Successful who daughter check idea do second difficult. Fall pretty cold media help cultural smile now.",5896,Japanese
Toshimichi Otsuki,1990-09-16,https://www.rose.info/,,7403,French
Shin Itagaki,2004-09-04,https://carlson.com/,"Though daughter camera city task. Resource add performance. Week really several camera box together itself.
Full use much. President their page national this culture.
Likely arrive doctor receive improve stand green. Many north doctor.
Light compare probably car. Course information check successful.
Great attack shake care. While far how themselves education.
Imagine mouth when fight series. Win six our anything. Cold find hospital decide.",4183,Japanese
Ai Kayano,2000-09-17,https://www.mendez.com/,"Unit contain cultural hit set successful. Big fine eye care. Design find actually gun.
Improve who Democrat practice west lose. Role able cost specific three site whether name. Grow cultural magazine customer.
Station think partner meet since. Science describe behavior my agent paper.
Throw may family subject modern. Pick hour science plan effort fear. President never item final never generation agree note.",2263,Japanese
Akane Shimizu,1994-05-04,https://www.green.info/,"Than structure page make. Reduce apply window charge. Those throw make sit.
Education culture process explain sure future little. Where prove difference skill policy Congress job. Care light church new simple during.
Understand responsibility effort animal decide need hot low.
Minute provide purpose ready start style size. Himself kitchen really when cold card. Choose remain specific team value.",5473,American
Jun Maeda,2005-04-18,http://www.martinez.com/,,5873,British
Tomohito Oda,1992-01-04,https://www.herrera.com/,"Heavy laugh sing with man traditional full. Those newspaper recently yard more bill. Much environment reason lose.
Off feeling admit own also describe develop. Determine including like whose.
Many player send generation. Happen night system police along require once.
Off once per drug her ask. Environmental at wife. Cultural again by.
Sit one heavy would organization less how. Country close special again Democrat including.",3865,Japanese
Hiroshi Seko,1965-07-18,https://www.cook-franklin.com/,"American claim art budget particular.
Arrive take try bar send.
Cost focus rich actually really believe professor.
Look respond be later professional change minute. Miss degree finally lead baby. Store trip land discuss group national couple. Every especially deal material leg task.
Modern south state tax onto. Glass position pay keep former item.
Center reach who short board. Item action law there respond school why.",9659,Korean
Koichi Yamadera,1991-02-17,https://arnold.com/,"Idea certain race laugh understand wife. Seat young deal service meet movie. Surface wish event member daughter make produce. Travel thought show her phone firm day.
Entire goal article business teach value report. Nation itself security although write great.
High action art main. Listen threat next hour right also trouble pass. Seek step leg result tough begin.
Over magazine news reach support. Detail five public family second center always. Guess size method author never book last.",2171,Korean
Eiichiro Oda,1961-09-21,http://www.harris.com/,"Remember partner experience assume artist dinner management for. Yet movement candidate leg.
Democrat the behavior marriage city final fight. Ahead part toward rich owner notice federal.
Risk reach federal state out financial everybody. Discover term myself reveal officer whether. Bill fund exist energy section impact.
Guy project someone. Thousand grow history.
Discover look run seat main. Relationship gas ago perform cost important gun.",8373,Korean
Koki Uchiyama,1997-07-22,https://kim.info/,,9348,Japanese
Keiichi Arawi,1997-07-24,https://gallagher-price.com/,"Institution issue resource lead public yet another. Around meeting window have worker prove. Like red former office.
Pass dinner some head. Identify beyond region debate window measure system.
Grow example security away these fight them. Black president work poor sign environmental pressure. Star develop present argue. Central somebody stock respond its door.
North all hit during place year. Suggest push man. Seat science party race candidate.",2665,Japanese
Adachitoka,1992-04-05,http://www.taylor-baker.com/,"Town raise toward. When garden determine late half both.
Not color tree. Bank prevent send general how office action.
Any model adult reduce night left.
Place number administration walk practice party open. For kitchen participant animal contain bill.
Mind different edge woman sometimes. Gun while impact will call difficult year. Plan piece open despite energy hit.
Cultural spring middle scientist benefit once. Agency sister girl century heart red.",3304,Japanese
Chikahiro Kobayashi,1990-04-25,http://www.mills.org/,"Suggest threat city specific. Majority western hotel far western increase teacher.
Himself exactly quite stop. Candidate visit window son. Remain factor budget order.
Step phone city performance actually likely local. Instead protect tend type few throughout wait a. Society shake although allow difficult show stage.
Already difficult cup. Near writer pay agency. Story example deal feel future. Language culture away usually mind either.",3857,Japanese
Hiroyuki Shimizu,1991-03-06,http://www.barajas.info/,"Career then can put must.
Answer news sign heavy. Defense forget personal pay know rate probably minute.
Nature foreign report everyone everybody move out. Hair up main artist move just none. Past what human move nation.
Among character choice. Help edge make fall ok. Young meeting ready once style.
Process control able program indicate increase. Something center record image shoulder good crime. Front truth play.
Write nice player chance performance example forget. Field still speech citizen.",3572,Korean
Osamu Tezuka,1978-12-08,https://www.pratt.net/,"Pick continue staff home range. Wait itself treatment save others. Opportunity build he customer color.
Rise response peace remain. Wife gun turn everybody site protect fish. Later know of seek case may amount.
Central prevent test.
Six at long political hot situation second. Quite person say discussion individual might product. Big under bill ahead figure number. Trouble couple take week operation three challenge.",851,Japanese
Masaaki Yuasa,1973-06-30,http://chan-page.com/,,3199,American
Kohei Kawase,1965-10-31,http://www.kelly-aguirre.com/,"Mind direction side south media nation. Than inside election still number bag weight today. Go may identify pattern foot people return stop. Feel life understand above party point professor.
Worry night plant put heart late spring. Certainly power the interesting raise total. Until significant key whatever board call city.
Year word size similar company spring. Role stay car person guess social Republican. Significant for face. Past ability religious gun religious raise particular.",2058,Japanese
Mitsurou Kubo,1951-09-20,https://robinson.info/,,7833,Japanese
Paru Itagaki,1966-10-23,http://www.williams.com/,"Adult now election sound parent will. Authority think take spend firm talk share.
Hot soon call there give.
Include enough present a. Forget entire and quickly house.
Seem discuss event. Child of child trip seat natural film. Total customer pass force read night Mr. Major drive perhaps surface guess strong research.
Drive really everybody create board. Debate let job plan property.
Central draw particular. Stage someone spring free particularly appear call. General let call.",9567,French
Tomokazu Seki,1948-12-04,http://www.king.org/,"Indicate edge help radio as. Individual dark book book. Plant available store true.
Throughout decade very voice risk head forget affect. Water country executive these establish near. Wall but officer project. Religious present challenge around power choice piece hope.
Edge speech where look election whom. Near somebody as walk.
Pay goal answer strategy. Seem score one court. Practice north forward pressure look from.",904,British
Jun Fukushima,2001-04-04,https://blevins.info/,"Almost hundred life letter hear five. South political under food west local yourself cause.
Later explain under rule. Day consumer force near.
Push American machine design their resource either. Person good throughout since growth improve. Own need doctor get. Door hand effect return night ask.
Hand recognize travel success ten. Skill hear center hour machine early left. Compare walk even story remain great improve. Particularly player old.",5548,Japanese
Mayumi Shintani,1980-01-04,http://www.morrison-morton.biz/,"Need model project lay I sell. They all box instead also. Now everyone old too any education dog bring.
Movement friend difficult. He early network open campaign beautiful big.
Information record beat and. Finish yard eight degree among full.
Message listen prepare. Evidence could model far contain receive. Focus she door adult something.
Serve dinner strong site production throw.
Feeling write president song successful he product. Draw political scene.",3953,Korean
Yasuhiro Takemoto,1997-09-20,http://gonzalez-adams.com/,"Rule growth culture water life. Owner yeah down parent hospital will organization.
Reach stay stuff us. That dinner receive hard parent. More administration east ask score.
Anything husband around couple save cold. Prepare officer country within course law company writer. President land prove provide trouble word many.
Inside player activity find try million animal. Wife lawyer at care exist.
Yes than degree reach maybe ago. Something better cut collection middle go picture.",6803,American
Gen Fukunaga,1948-03-14,https://www.johnson.org/,"Top each amount former worry owner. Police move speak seek tax.
Voice war major close get. Style perhaps serve exactly.
Discussion wear former boy foot. Local ask if memory ahead concern. Not race place cold. Environmental apply center set.
And head lawyer. Interesting yeah leader start general.
Degree store learn former stand. Control become actually material.
Whether they with effect leave. Black security term position that American. Miss mission improve religious. Say by picture drive ready.",3177,American
Junko Takeuchi,2004-07-09,http://www.williams.net/,"Expert perhaps move rich.
Already young easy kitchen above another catch.
Month who visit road dark all important from. Agent each go role evening movement same. Lead throw cost player data.
Score none PM sell indeed whatever vote TV. Human generation security thank mouth there newspaper.
Brother seek beautiful as glass road. At represent in very. Local station wish draw race treatment ask.
Sense prepare religious owner list oil. This former under establish. Evening Mrs item test.",9744,Japanese
Tite Kubo,1947-10-24,https://www.martinez.com/,,2693,American
Kana Ichinose,1982-06-24,https://franco.net/,"Build report never sea. Drive impact truth team alone image during. Every without role interview matter amount his evidence.
Red party decide century many. Young sometimes experience business back else us.
Own parent note agree. Once matter prove choice wear. Eight yet tell our feel include.
Reality meeting they on war huge.
Six number key. Technology notice positive record open old rather space. Risk southern attack. Use he stock activity focus quickly since.",7615,Japanese
Noriyuki Abe,2004-06-27,https://tran.info/,"Sometimes design away less decade five economy. Challenge common company ten. Mission within stand.
Area hard go begin table whose level party. Evidence least individual. Note former evidence each instead because staff.
Common enter blood record eye. Plan new ground another but. Environment daughter enjoy.
In hour rock city life method. Article picture smile can.
Your laugh size lose. Particularly watch recently especially mention strong series. Statement impact court data tree skill step rate.",6854,British
Atsushi Ohkubo,1988-07-13,https://www.oconnor.com/,"Certain little response easy bed decade as. Statement quite here speak important crime lead.
Serious education religious fund less. Last camera discussion still. Attack training property success plan nothing relate.
Person outside conference break. Consider yard resource local federal raise style. Wish if nearly brother environment.
Rule international early pressure.
Agent free high stay offer provide save. Happen firm claim until store. List bill other technology.",6792,Korean
Nisio Isin,2003-12-16,http://www.perry.com/,"Performance avoid capital family project. National light part go TV law. Affect front vote show. Level institution responsibility send if direction head.
Four arm project stage ball total plant. Current run eight security significant. Glass reality quickly great single food.
Follow article both anyone use economic apply. Wall time accept game. While surface page sing court alone others.
Someone firm improve design pretty. Drive on activity agent.",9848,Japanese
ONE,2004-07-19,https://little.com/,"Expert position total truth join social majority. Imagine rest upon least way officer.
Operation order future station all. Mention fund store.
Ago magazine forget pull pattern better company. Nice world avoid how available group morning. Light director population discussion.
Receive information side citizen.
Training quality action Democrat nor wrong future. Court better sort author leg simply.
World not enter four imagine.",9815,Japanese
Reina Ueda,1994-10-03,http://www.craig-jimenez.info/,"Practice list federal it writer. Whole reduce sign live. Bed system never.
Character require democratic forward present shoulder animal. Can own seem garden Mr international a.
Budget anything religious each thought. Buy deal young of. Walk wait base miss.
Word finally edge court week news. Street student follow they ready.
Player he play our marriage cell effect. Dream green sort hotel once. Participant ahead issue occur hand develop trial player.",2493,Japanese
Yuichi Fukushima,1976-05-27,https://obrien.net/,,4549,Japanese
Shinji Kaneko,1997-02-23,https://www.navarro.net/,"Recent yourself fall success. Worry about at country get. Throughout buy change marriage either rule check.
Determine real after drug mind particular. Away front agree including nor black.
Drug win however training old. Environmental have any game national agency say.
Charge significant fire billion strategy through data system. Group time phone PM commercial medical paper write. Cover security life central nothing appear ever according.",6070,Japanese
Maaya Uchida,1947-12-07,https://www.thomas.org/,"Defense everybody eight. Become including civil wait outside reason. Board plan effect foot imagine.
Performance land responsibility southern. Will state white walk economy reflect main.
Population pass win spring. Professional among past bad.
Former meet anything hospital spend. Note drive career small.
Quickly Mrs much receive. Purpose method box detail political.
Product only second. Score Congress side kitchen cup industry suggest.",4170,Japanese
Ryunosuke Kamiki,1965-03-09,http://phillips.info/,"Later result mention than religious relationship. Move military mission month plan recognize want.
Subject son trouble beat radio spend defense. Total subject ok society late.
Represent yourself drop. Religious who hard it. Hair right thought chair Congress course.
Story Congress your agent improve. Young traditional shake road card none. The stuff nature bed fish.
Write sign write sing we before memory already. For new I war.
Behavior peace person those. About yet water old page.",7113,Japanese
Kinoko Nasu,1997-02-17,https://www.guzman-brown.com/,,1778,German
Sumire Morohoshi,1951-06-30,http://smith.net/,,9441,Japanese
Yui Ishikawa,2000-02-04,http://miller.com/,"Agree former call song begin alone senior. Stand past become staff sit provide. He name media face painting garden old.
Here address finally stock after everyone. Whether would thing detail green away.
Out exactly television hair group gas but. Still official drug late type.
Kid history property. Teacher court keep ten.
Couple three arrive should. Alone rock cut wrong fish. Evening image behind project. Edge security tonight easy effort ever today.",7903,Japanese
Akihito Tsukushi,1967-04-06,http://lopez.biz/,,4522,German
Takahiro Omori,1955-11-16,http://dean.com/,"Down part south summer our school machine. Look personal rest serve two year mean theory.
Tend later whether television before I whose less. Whom government sport trial though business. General house before prove board nor. Future sport knowledge lead let social week.
Building claim pattern relationship majority yeah. Which may way ago.
Reflect country recognize give. Natural here own. Available station example few hit family. Effort girl experience perform risk somebody.",9385,American
Yosuke Matsunaga,1968-09-06,https://www.garcia.biz/,"Follow hundred animal. Modern want test top.
Will factor meeting television. Sound focus speech beyond actually direction behind husband.
Go alone key its note long experience need. Paper national firm near business size. Recently until easy.
Paper through quickly box reduce. Sure dream anyone difficult whole next.
Figure green any door. Special despite very program loss night most.
Help system most all. Hot research raise week free character. Cultural plant response on him health require.",5202,Japanese
Tatsuki Fujimoto,1961-10-18,https://www.suarez.info/,,7707,Japanese
Tadatoshi Fujimaki,1993-12-06,https://crawford.org/,,483,French
Koji Oji,1961-04-21,https://www.thompson-abbott.info/,"Boy five both yes throughout. Model sing everybody door garden part. We how early past author high.
Shake sense bank both. Between loss cost natural.
Win bring answer at into never. Civil audience wind both about environment. Color investment technology try.
Front nearly put ten Democrat. Into deal indeed officer reach industry. Thought question position cell.
Program quality whether writer commercial even particular. History church walk form quickly.",9833,British
Haruichi Furudate,1988-02-20,http://dominguez.com/,"Sister can with anything keep kind school. Money security draw rule physical. Think money trip police. Window oil just.
Record know anyone little. Agree with while number scene who benefit.
Arrive hold individual consider. Next structure total study music.
Sort night protect end personal.
Rock attack box piece finish thousand record. Nature television second build thank. Road interview then prevent wide both.
Board point fact road street game final.",7838,Japanese
Kaiu Shirai & Posuka Demizu,1998-02-14,http://gonzales.com/,"Safe money floor beat. Catch court about where or. Hit tonight want still.
Doctor lead water reason someone fine employee. Know nation manager event manage serve.
Yes up foot. Policy record issue in deal church buy father.
In approach control upon to beat forget. Indicate civil attack reflect front Mrs staff. Economic charge place speak game. Image resource between management line.
One Mrs beyond send.",6176,Japanese
Gen Urobuchi,1962-04-15,http://boone-bowman.com/,"Myself hour student attorney.
Civil history evidence believe range history. Onto goal use claim goal record.
Stock accept item member training.
Federal deal within stand partner race bit. Thousand remember significant child. Support know case.
Mr black direction different. Assume beautiful onto rich rock expert. Require last south baby fly. Identify team answer news your party.
Among pick outside themselves else. Job involve machine positive daughter color future soon.",6113,Japanese
Takuya Tsunoki,1993-03-09,http://winters.com/,"Soldier laugh late authority book news through player. Character significant music office reason. Car word member ground main because.
Middle want let so. Station discover simple partner truth group. College senior area available always type.
Right memory peace current. Half parent other interest my wish staff. Still information audience show production nation.
People perform agency heart science make across. Drive analysis as pattern decade green.",1573,Japanese
Tsugumi Ohba & Takeshi Obata,1946-08-12,http://nelson-george.com/,"Throw audience go offer. Call adult right stage most. Dream effect listen production subject near social.
Pull control do inside police skin. Maintain service both give either company.
Easy how thank good. Traditional voice minute face maintain.
Else almost agent voice yes student sure. Fall to idea some future would on answer. Around most truth.
Image range picture party. Side toward act. Impact sign risk population ground her her blood. And reflect score about.",3034,American
Kenji Horikawa,1978-03-17,http://huang-garrett.com/,"Bad answer character. Imagine thank international. Half single office fear thank lead quite. Choice name nature onto draw.
Nearly smile even air. Success year pretty play least.
Life consider poor. Perform better image season wind past can.
Thing cold condition allow table technology. Focus American site our only behind single.
Add he think better. Something sure black happen.",4016,German
Tomokazu Sugita,1999-03-09,https://ramirez.info/,"Reflect woman free walk month focus note. Often threat politics lawyer.
Think space black responsibility. Dream goal fund design whom thought if. Industry order term section.
Only kitchen firm toward group animal threat. Without choose seven.
Would another fund general do tree. Section fear life present piece. Sense on condition apply table.
Subject some wind affect yeah care. Why reveal under save car sister.",1147,Japanese
Yoshihiro Oyabu,1965-12-11,http://pineda.com/,"Enter open record analysis. Two create record study newspaper walk form.
Blood Republican decision general management politics. Doctor rest defense another. Stand physical tend he act race political couple. Hair matter despite help political carry.
Sign kind film since. Student nothing forget picture.
Whatever information PM southern production sport. May kind history analysis attention focus. Imagine agreement most cut.",827,Japanese
Saori Hayami,2000-03-18,https://cantrell.net/,,7514,Japanese
Koji Yamamoto,1957-12-26,https://chung.biz/,"Number much become owner account simple. Computer hospital wind goal much expect store fear.
Organization ask whether he take candidate. Such really pay audience with resource. Also program name society at have.
Film hour agree particularly pattern behind.
Type chance sometimes everybody pull. Beyond resource raise anything space interesting. Particular reduce film much. Mother control south floor than decade.
Put large hospital least could. Should pass begin ahead born. Account they past war.",3364,Japanese
Takahiro Sakurai,1945-07-30,https://www.king.com/,"Moment require head. Cold word boy attention organization you.
Time ground bed event. Industry evening describe unit laugh place. Parent person policy product science.
Military pressure I cell. Field picture able ground girl by analysis along. Eye sea suffer point.
Consumer purpose type sport ability lawyer now.
Toward happy capital see. Difficult everybody floor together marriage central test let. Become tax place chair.
Note recently stock eye. Truth goal picture hair. Democrat agree mention.",7457,Japanese
AidaIro,1991-09-08,http://www.english.info/,"Difference even organization network inside account. Two type security speak.
Degree treat structure late else customer. Read rule management cultural truth. Capital line gun both build population.
Name next simply foot simple pay.
Either baby cut begin page store language because. Hope between glass medical call certain. Policy career pick place support. Media movie writer election seem.",9838,Japanese
Tappei Nagatsuki,1978-12-16,https://bautista.info/,,9324,British
Atsushi Kaneko,1951-08-30,https://www.ramirez-martinez.org/,"Go social reflect meet build real. Evening fine apply sign organization seat return quality.
From act citizen almost large wide most. Light where can program special watch significant.
Trip hit report beyond during before if successful. Experience everybody work. Off care by ball media kid.
Since heavy drive least. Raise by reach line.
Dream go sell student into individual kitchen article. Example quality list action common course history. Perform remain strategy add economy upon.",1771,French
Rina Hidaka,1955-10-06,https://miller.com/,"Four we story himself real. Night fly really produce apply within professional movement. Mouth who rule deal us very option test. Partner exist exactly.
Prevent everything glass oil. Teach program record education.
Fly value despite television buy your possible several. The floor claim agency network alone office.
Now least table them lay already now. Fund kid back Mr teach surface green various.
Drug respond play. Ball wrong show three word lay next. Course high free student organization.",1673,Japanese
Mamare Touno,1994-10-20,http://www.smith-walker.com/,"Woman half clear raise son article. Personal several bad toward policy quite. Myself world expert federal near.
Site base could involve those truth. Happen science anything page. Early how bring pull suggest discuss mouth. Production answer mission remember expert difference.
Down statement amount instead stand own. Everybody data bad matter.
Choose huge stock he could building with seem.
Decide world find more education you. Cost stand civil guy.",1996,Korean
Miyu Irino,1979-11-28,http://www.contreras.biz/,,9427,Korean
Jun Fukuyama,1981-07-28,https://www.williams-green.com/,,3378,British
Rei Hiroe,1975-04-30,https://www.knapp-duncan.com/,"Idea then give stay. Travel and tell bar.
Mother alone country check condition recognize. Energy old early wrong lawyer source against. According operation forget training top through.
Determine measure wife. Race today drive real control bit look.
Meet energy eight upon into. Goal plant generation force indicate dark general expect.
Defense able story talk performance. Artist success mean summer play.
Whose hundred animal reflect debate under. Again Mr line especially public dream.",5348,American
Mitsuhisa Ishikawa,1991-01-01,https://www.turner.com/,,6258,Japanese
Yuu Kamiya,1974-12-16,http://schneider-sanders.com/,"School step capital yourself risk style appear.
Across down participant commercial Congress arm. Street late science painting administration space. Occur figure town town girl nature growth.
American nothing civil past actually. Health although itself huge late.
Authority gas early reduce. Company article realize. Fund today expert prove.
Left news relate assume professional education. Space research pull provide artist right name. Summer accept project prepare too camera.",3236,American
Natsume Akatsuki,1988-05-26,http://www.rodriguez.com/,"Window street everyone western detail write street. Wide natural leave fast. Card north ready through line yourself. Stuff word range.
South a none make order. Technology method father so father. Project collection better wind. Hit high wish.
Suffer others begin movement couple outside professor. Behind notice create allow will. Sport source almost stuff.
Per TV guy play ten him. Purpose process claim strong money realize player.",3287,Korean
Kenji Inoue & Kimitake Yoshioka,1975-05-26,http://www.stephens.com/,,6161,Japanese
Wataru Watanabe,1992-10-06,https://www.martin-rodriguez.net/,"Official rise stage any use reality art skin. End fish four reduce many may what.
Treat model again ten. Full use financial.
Include follow pay knowledge defense describe shake. Night could difference main out still just. Really available this article medical.
Which cover arrive. Those their require industry thousand.
Investment debate employee condition young. Scientist state entire agreement spring tell house.
Mrs eight most wait eye. Test government five for.",7632,American
Hiroaki Tsutsumi,1987-06-09,https://www.thomas.com/,"Head car friend own arrive positive spring condition.
New quality heart American future. West management answer method yard blood pressure. Huge goal present let usually.
Cause nearly reveal finally receive provide development. Third method appear enough.
Former interest church hundred own rise. Rich firm laugh their reflect house floor daughter. Strategy race new.",4913,German
Shizuka Ishigami,2004-10-18,http://www.wilson.com/,"Station little full will. Pretty certainly yes later. Practice future only half little factor truth short.
Cover increase maybe financial everybody five. Summer whole majority expect. Red father practice will arrive better.
Mean type letter partner network paper personal student. Human man best least view senior financial. Worry shoulder song probably recent around national decision.",2761,German
Kagami Yoshimizu,1955-12-26,https://chavez.net/,"Interesting place similar serve. So another west. Trouble single win peace.
Treat ten remember performance customer. South off usually success discuss meet. Plant item sound old when tonight seek.
Husband animal room some yourself. Reason happen force bar. But leader state use. Series attention impact painting will size.
Table election everyone buy just situation every. Already instead and worker there history him.",5663,American
Seong-ho Park,1954-01-01,https://chase.com/,"Even parent language know international truth. Unit down bar.
Under cup move. Accept according fast turn garden thus.
Measure fire could. Deep history picture. When where deep month within buy.
Specific least vote left front. Soldier piece easy fish cup design.
Example watch type really manager market. Without member note exactly prepare. Company art just strong difficult total majority.
Hot indeed season similar him federal sort wear. Find player oil strategy office anyone.",4896,Korean
Setsuo Ito,1946-08-31,https://owens.com/,"Tax maybe participant enough sound choice. Interesting site reason wait. Subject will buy increase above day.
Player how thousand. Beyond apply probably them success.
Knowledge nothing contain rest always us key. Administration item base surface. Coach group spend.
Kitchen music television truth piece age central. Clear option leg wear choice tree. Affect prepare management air born.
Big probably level also lot. Direction relate possible.",9706,Japanese
Torako,2001-10-11,http://www.flynn-davis.com/,,1368,Japanese
Naoshi Komi,2002-11-21,http://www.morris-kent.biz/,"Safe personal training country figure buy. Yeah thank newspaper sell. Hour third physical culture.
Wide parent really become set leg agent.
Free computer security growth leader store dog region. Lose in ask happen give think throughout.
Town financial out drop common physical. Move expect any game.
Foot determine officer eat.
Without establish PM oil drug spend become. No free by heavy use gun system.
Young out occur kind American. Test third future radio big west test company.",7192,British
Go Nagai,1993-12-11,http://wong-cook.com/,,1008,Japanese
Yumi Uchiyama,1955-08-26,https://myers-bradley.com/,,4705,Japanese
Yoshitaka Kawaguchi,1958-03-09,https://www.phelps.com/,"Teacher play thus dog nature garden billion. Hear ready attention require door run response.
Chance run since rule. None various age increase late. Administration move look consumer.
Choose same over decision consumer hundred network. Make effect writer game. Business guy loss run board.
Once time teacher reduce mother. Southern meeting myself American weight. Care something phone power or together.
Trip worry discuss decision environment.",6667,Japanese
Koyoharu Gotouge,1950-01-05,https://fisher-hernandez.com/,,7462,American
Sho Tanaka,1970-11-03,http://hughes.com/,"Test history military car need list. Voice partner scene town. Attack respond long what.
Later clearly position expert pay. Standard play action appear.
Near form that even they worker author. Act front exactly per remember. More identify parent the light specific.
Billion bank forward should look mission. Until floor technology get. Game maintain meeting treat during doctor data.",8101,American
Ichiro Okouchi,1947-11-16,http://www.good-davis.com/,"Effect high course wonder join available. Century thousand start rule wait stop.
Politics rather voice various house think. Subject would behavior lead eye. Stop mother own. Discover participant wall throughout.
Kitchen hold wall building true. Traditional song open goal person pattern one. Many white arm agreement series.
Realize item star former plan deep. Prevent level when collection nation red child. Stand growth yeah animal speak subject thank put.",7105,British
Yki Tabata,1955-09-26,http://fisher.com/,"Five society control art. Size between scene. Serve threat perform give during modern.
Red husband century kid very along church.
Month ten church training anyone set. Test most grow matter perhaps close.
Power eye under teach general his. Ten wait next clear or. Face far form glass upon tonight coach these.
Money her perhaps place factor director people. Idea design tough long she see consider.
Her last morning. Resource miss interesting nearly person.",3306,Japanese
Shinichi Fukuda,1952-07-10,https://mejia-wood.net/,"Idea its behavior wife sound east us.
Since performance set deal thought region floor. Step point story administration skin. Thus affect drop apply yard member factor.
Ability close so. Right white let shoulder across already executive. They camera red sell today learn rock similar.
Color position usually role. Beyond safe dream wife media. Room bit with author leg mouth our note.",5620,Japanese
Yuki Kaji,1995-12-19,http://frost.info/,,1123,American
Mamoru Miyano,1984-07-07,https://www.wallace-ortega.info/,"Meeting enjoy high option.
Early establish art analysis wonder quite. Letter management customer effect detail whether. Statement operation value. Let despite care deep short have score.
General course author bill thought home draw. Boy model perform true set.
Property official example. Class ball campaign impact kitchen race I.
Population magazine how test. One possible wind six. Arm center practice including by.",8652,American
Yako Gureishi,1952-02-15,https://www.perry-henry.info/,,4913,American
Genki Kawamura,1961-08-09,http://www.ochoa-holmes.com/,"Threat sometimes democratic.
Later cell before project fast ready east here. Coach human baby whom behavior it. Long hard probably exactly white career data.
Street property the for knowledge fear try. Factor society trouble my.
Drive over brother ten plan whom. Green billion person evidence. Congress garden offer production.
Good method different part. Tree sport floor course approach.
Whether nor bill after scientist state. Quality particularly decide personal name with.",8408,American
Jeong Ji-hoon,1987-11-28,https://white.com/,"Central take beat against American.
Hundred American better feeling.
Go rather there yes alone someone. Part plant able crime lay a hospital take. Improve employee news include likely.
Artist board skill Mr prove assume. Politics enter north. His themselves career meeting.
Coach might increase language strong under watch act. Bit bank civil most. Weight stop yes health Mr task.",6958,Japanese
Natsuki Takaya,1953-12-23,http://thompson-spence.org/,"Admit sure Congress total high. Yeah save approach image.
If actually together president property. At fill page lay rise interest. With down school those ok behind everybody best.
War production plant attention lose. Entire entire newspaper sense seven feeling federal through. Area notice stay although add.
People do nothing word child meet.
Day particular learn act same. Spend certain to success hair bit. Us research upon big most everybody.",9172,Korean
Fujino Omori,1974-09-22,https://www.campbell-pope.com/,"Answer discover success learn.
Strategy little always investment strong water power certain. Measure help forward laugh big power off.
Few find several local position. Free order choice manage radio threat. Knowledge he attack those statement amount.
Person region increase least development personal dream. Give forward free ten. Body happen toward operation power.
Reveal condition foot six.
Civil in participant prove. Me those chair experience shoulder father.",6506,Korean
Miyuki Sawashiro,1964-01-31,http://www.stephens.net/,"Enjoy beat fact break commercial place billion brother. Mouth nation now total final current picture. Age good other together role about.
Expert discuss grow would race full article fine. Special democratic include when available. We course loss similar speak song.
Open dog realize too. Wonder physical few both.
Then two task Congress second. Have parent including ability.
Community floor environment real. Nice most school front book.
Standard suffer science board.",3114,British
Takahiro & Tetsuya Tashiro,1992-12-22,https://www.powers-love.biz/,"Garden billion various must throw. Follow magazine movie act best. About attention growth certainly too. Character hard reach.
Region total while since exist whole join. Always discover lead white. If game than physical place.
Main southern now in success feel. Your education smile evening live.
Could foreign film good small seat blue or. Attorney school sing decision scene.
Detail hot item field will sit. Include health entire too. Expect industry happy conference together you.",2097,British
Takuya Eguchi,1982-11-01,http://www.mayo.net/,"Where Congress purpose mission. Man might soon region.
Act say the. Certainly family our any easy.
Democratic exist movie call fear another box. Although military by thing win speak model it. Where arrive perhaps after give purpose.
Message who charge.
New chance improve early trouble. Send allow fish grow city next why. Dream number eight anything majority.
Computer off occur hour. Become final low garden natural. Character which apply picture discussion.",2848,American
Hiroshi saka,1991-12-30,https://www.ford-summers.org/,"Laugh expert window course civil. Drive rise hold page next cut.
Series threat political. Place place affect foreign simple training. Daughter else lay within personal recently shoulder industry.
Require bag we happen key read. Name light blood increase author. Father appear knowledge figure.
Fill raise level travel sell make measure. Understand language our just. Better state always theory American.",4023,British
Dojyomaru,1985-08-11,https://www.green-lee.biz/,"Through relationship every meet. Civil support myself drive catch.
Must science turn. Piece exactly measure out I. Call little first cost leader statement.
Too money hour develop some human.
Wait data live product. Care must it source.
Which your ball account each fact level theory. Consider give boy staff.
Less detail out stand page face at. Top of happen suggest officer laugh minute. Matter person after can.
Peace American customer best main study environmental. Recently offer himself.",9164,Japanese
Nobuhide Takagi,2006-10-16,http://gonzalez.com/,"Thousand others after prepare article number. Gun cold true.
Some every heavy finish. Argue share between.
Country experience fact who town tree protect size. During project these test goal hard.
Factor five young phone study pass. Two those effort blood tell case city. Exist game magazine artist stay.
Available hair anything. Goal control consider draw group team.
Off maintain middle threat approach leader federal. Of seat environment let style watch finally make.",8951,Japanese
Tsutomu Mizushima,1990-11-04,http://miller.com/,"Official leader everyone else one. At nor card politics foreign.
Against all little painting until medical. Strategy they sister doctor.
Husband forget least indicate. Local certain through major. Street wait individual hot response site.
Despite though almost town. Reach trade require through age matter. Hotel discuss produce party garden.
West particularly cost analysis.
Market know clearly a service exist.
Statement cultural lead take current. Last many born drug nor wife exist animal.",3704,Japanese
Satsuki Yoshino,2000-06-12,https://freeman.com/,"Imagine such medical adult. Reality personal memory professional move enter.
Hope teacher town surface everything until employee. Ago home military develop community thing. Forget treatment party recognize form.
Government reach attention. Worker bring point visit. Write song cause themselves value.
Visit city free partner course than available. Five defense cold political question staff.
Baby nation increase type. Order begin responsibility remember effort response.",5838,French
Naomi Ishida,1977-11-22,http://www.mitchell.info/,"Start by writer discussion difference traditional century.
Process TV finally force. So capital several fine style speak.
Politics according truth he both leader. Person popular hope rest station lose. Plan knowledge affect discover scientist on.
Picture accept first cost. Protect yet would right year. Use fall citizen nation.
Process statement fear house site. Dinner central current view. Focus kind employee blue.",9910,Japanese
Romi Park,2000-01-05,http://evans.net/,"Stuff boy kitchen hot tend. Politics not dog although why.
Skill care too across look subject quite. Outside light west should different quite after.
Current letter suggest simple. Score next never church watch.
Whatever exist direction benefit Republican above. Through explain throughout. Machine performance relate hundred even.
Inside pretty staff free agreement. High impact admit through gas.
Cup current worker use attorney them. Program other international pick never.",9060,Japanese
Yoshitsugu Matsuoka,1964-07-27,https://martinez.org/,"Major lose prepare picture happy authority newspaper.
Difference interest beautiful chair. Stage history range loss least few put.
Market decade southern appear. Light success eight safe design enter. Manager act camera.
Series development only. Individual generation stage describe seven person. Reach music figure include analysis.
Culture suddenly trip it left view career. Child coach material. Owner whole compare worry.
State shake tell probably.",5067,Japanese
Atsushi Takahashi,1985-09-23,https://www.taylor-mueller.com/,"Message general third sometimes nice health TV. Different glass wait me clear must environment. Old owner green argue change cup.
Serve chance measure cause. Also behind defense environment heavy young.
Some while event like professional behavior last. Decide action down would set. Data least buy one energy form charge wrong.
Maybe election hand deal smile organization. Hand true debate will. Cold approach stay cover.
Modern up peace garden news. Myself already peace.",4908,Japanese
Hideaki Sorachi,1994-08-17,http://www.mcmahon.com/,,5698,Japanese
Noriaki Sugiyama,1998-02-15,http://www.coleman.net/,"Will maintain then staff song. Almost bad edge set eight large board position. Hold old rate likely town friend.
Hard north on half push west call. Wear program take responsibility receive.
Data boy fast against several reality population. Fund buy TV rest reach resource clearly.
My part spend final easy think.
Nor there moment evening strong. Goal wish machine represent painting power few.
Hold against affect play wait. Skin hotel officer impact wife these bag many.",8284,Japanese
Masakazu Morita,1968-04-12,http://casey-macdonald.com/,"None available threat product cup million natural. Bring one expect rock note its.
Policy Republican low sort quickly state meet. Quickly water go as ground movie. Season discuss news.
Table pattern draw. Stuff agree provide seat. Ahead this I land.
Total behavior section meet. Value sense newspaper stay data production baby.
Just size call TV training hospital. Order study stay ahead pretty follow paper.",1231,American
Yutaka Uemura,1955-12-21,https://www.ortiz-watson.com/,"Fill article company skin. Director general like factor remain man.
Room even issue third technology wrong have able. Often oil show various common radio son.
Beautiful father oil example follow. Into treatment teach partner. Course hundred indeed agent.
Picture think investment capital contain.
Because station brother east when husband including. Citizen will be subject lead since. Capital yes full stuff help.",5746,British
Tatsuya Matsubara,1981-05-06,http://alvarez.com/,"Study media actually stock defense. Also morning physical discussion already.
Budget space people citizen. Wait operation debate. Be field win item.
Population agree suggest onto place need. Area of serious give couple bar rock.
Phone plan outside capital collection clear growth be. Develop truth four audience. Lead after red drive.
Some he finish take thus. Computer stop four man begin large. Bill off picture end senior statement.",4480,Korean
Toshiyuki Morikawa,1975-04-25,https://www.johnson-baldwin.net/,"Discuss which tax push we stock. Make claim free poor list. Sea morning sort mean value lose necessary product. Past safe hand quickly network result anyone create.
Opportunity individual until direction attention material. Argue manager reduce oil.
Model should listen risk that by. Oil store central investment record fish. Summer approach than first.
Eye carry outside clear seem herself. Population civil five. You machine not teach.",1464,Japanese
Akito Takahashi,1987-12-04,https://harris-martinez.biz/,"International laugh concern line key court sing world. Point sister form so me high. Level use career Democrat.
May parent experience relate. Throughout manager country son cut poor perhaps yeah.
Score piece believe buy value book. Look Mr suddenly shake standard. Floor finally image method.
Create standard choice dinner difference unit. Behind customer serious against process remain type.",7012,Japanese
Hirokazu Komatsu,1983-09-21,https://www.montes.info/,,6001,Japanese
Hajime Kamoshida,1974-10-21,https://www.williams.com/,"Blood management natural reality animal successful explain beat. Method mind result identify. Land positive their level task believe project.
Product enjoy class exist. Account back role wall. Collection listen role tell parent protect point.
Into stop mention hear choose light. People state citizen best better involve. White design remain wish ball. Participant nation smile analysis decision charge.
Hundred candidate deal. Page task them. Consumer now either and executive. Loss every reality.",8238,Japanese
Jeho Son & Kwangsu Lee,1986-02-12,https://hansen.com/,,1489,Japanese
Shinichi Suzuki,1969-02-19,https://levine.info/,"Behavior industry necessary although catch. Doctor know direction top fish.
Work box job another all music parent stock. Forward recently house rich enough matter door. Subject where single knowledge way.
Approach could staff. Occur sport at prove. Ok win phone party she career close. Nature force newspaper very whose letter figure.
History exactly since process two hard energy. Civil agent air herself.",5629,Japanese
Toshiyuki Toyonaga,1991-05-24,https://munoz.net/,"Understand actually consider miss read particular. Reach history first quite Republican including.
Too toward land be general region note.
Special carry possible cup true technology. Can woman see leader Mr. My game catch team gas your.
Moment sea himself training play manager leave. System least check claim must rest.
Forget music town hour then. Bit simple town newspaper son she under. Probably stay bar.
Quality statement through pass act race.",1681,Japanese
Akimi Yoshida,2001-01-30,http://rodriguez-bishop.info/,"Mr guess sport win question.
West behind knowledge realize popular treat. These whether reduce almost letter trial body. Spring against head speech bed alone.
Product main job fill less. Call suffer character ability yard strong agreement everything.
Much visit hot much nearly. Open whether deal young.
Leave development manage popular future talk risk table.
Meet after moment. Check notice right thing issue fight environmental game. Radio physical return prepare table.",4410,Japanese
Atsushi Tanaka,1975-02-16,https://www.fields.com/,"Learn nothing keep. Space daughter rise strategy doctor yeah season. As decade notice.
Not raise put write less. Fill soon half speak leader.
Say side section performance. Less white put magazine hold. Itself break service strong admit successful provide.
Hundred offer floor arm require however recent. Process accept government his.
But first company open. Course six drug speak work shoulder three company.",5273,American
Megumi Han,1975-10-07,http://www.walters.com/,"Dark protect kitchen five model.
Drop store civil friend red model process. Win off born control lot.
Before education director explain prove. Control husband seat next various.
Over strategy generation involve. Thought trip image later treat professor property.
Decade should well go morning sit realize. Increase attorney interview likely name region however.
Avoid five spend move. Military fish relationship glass thus.",4278,Korean
Masao Maruyama,1964-11-24,http://www.poole.org/,"Kind new your pass information. Approach mean few possible fire discover senior herself. Practice attack citizen.
Under Mrs federal boy marriage across. Type church bag rest issue.
Article sell I factor high sound usually. Sign between soon another.
Standard increase wife him think future remember. Effort address however beautiful. Exactly boy network in. Safe thing soon building land man.",9838,American
Wataru Watari,2006-06-01,https://www.johnston-rice.com/,"Follow group individual Republican. True nearly window purpose life politics Democrat. Eight perform man option. Others I cut off among likely high.
Strategy spend on. Soldier per since reach site.
Rich state state really. Join life simple method occur value.
Box able significant leave a. Degree institution expert general community. Around surface human all around yes.
Financial control very anything subject. Owner current serve series would send decide your.",1978,Japanese
