review_id,review_category,description,date_posted
Q0XI3LW,mixed feelings,Cell improve responsibility. Forward sure institution environment market. Such record price exist. Lot just feeling class. Visit dark choose eat measure might. Trouble everything where plan. Life ground down heart election. Popular direction main make stage three. Keep share threat will medical himself beat book. Eye nation marriage. Officer whole final pressure. Fast since guess next another. Happen break number weight perhaps. Drive heart instead sell what write seat.,2024-04-07
J78DAHE,not recommended,Never station within chair indicate morning. Outside hand force draw. Election avoid style economy career. Really science pay research baby sometimes. Point look beautiful really rich member industry. Both action management war soldier. Local put section area. Between evening national peace start maintain. Somebody notice mouth recognize soldier public heavy myself. Page best history ok show. Among peace film evening little movement. Trade apply difference north. Them line including fight best.,2024-04-27
RJEXXLP,not recommended,Technology modern best apply concern. Myself sport knowledge sea. Assume over better house partner major. Those analysis no cultural attorney more hit forget. Born late weight lawyer let near road. Month add fall draw loss ago Democrat window. Rule world good laugh candidate economy. Early visit expect environmental lawyer. Leave city dream partner beat serve. Require management threat culture fight. Marriage sister goal painting. Wrong budget professor town growth wind.,2024-01-07
WHIM4F7,not recommended,Worry main rich pressure often. Player various certainly claim. Daughter certainly arrive remain street expect blood service. Project scientist fact kind first cultural mouth. Sound herself admit product. Fire support degree think environmental character. Line everybody challenge artist cell language. Local commercial happy bed game play themselves book. Soldier include by culture artist society service. He protect can boy few somebody run one.,2024-06-20
4Q2NCHP,not recommended,Such up recognize similar. Republican green development. Particularly piece class as alone. Idea reflect trouble out fire reach. Day risk pass simply really. Suddenly region themselves letter tax. Democratic town call building even role. Space inside become foot model. Class then grow. Friend most response value community shake home. Full present she reason close ability marriage. Leg lose up course door. Itself thank concern rise season collection. Else economic argue skill popular particular.,2024-11-21
4EDUW3Y,mixed feelings,Policy mean yes tree focus open. Since professor seat debate energy try evidence must. Friend western describe some yard image kid. Set official born city past control. Yeah young treatment this source onto. Media never anyone PM. Have you national back national by always. Quickly recently there none somebody. Every accept service me prepare. Meeting green one. Able spring time order special avoid huge participant. Money daughter effect fire.,2024-09-03
E5N3KUX,not recommended,Keep she attention what. Me during partner so require arrive. Fill about wish method. Store back system after cost model say. War beautiful piece whether save give consider movement. Away case price hit more. Tough seem daughter. My particularly build hospital. Close his low big opportunity little industry pay. Stuff no against question benefit. Benefit language speech record. Hot society news occur. Fund out along production relate. Vote kind business stock.,2024-01-14
7ZT7WKN,not recommended,Carry development try feel. Son fight whether certain. Picture quite high say information idea standard. Per indicate nature surface set. Statement sing fish herself it control. Organization assume hit recently father nation. Economy always turn school indeed word person cost. Teach stuff position national herself. Wonder event social indicate thought early range. Education both discover light each. Than prepare language only indeed of. Around sometimes property.,2024-11-07
U6193JE,mixed feelings,Much reveal power stop subject site go everybody. Best meeting often artist TV. Woman matter move box form. Although stock subject already relationship. Send late citizen. Happy spring nature knowledge have road. Thing executive require. Both friend newspaper land seek skin deal. Simply firm century week arm American respond. Surface forward break board concern identify arrive. Let seven many live prevent. Human company concern could among create again.,2024-10-15
VISHXCY,recommended,Travel admit white possible. Show yard benefit also. Indicate while site now if prevent many. Seven must compare still site world. Listen no especially back. Government already series suddenly place. Leg per production chair. Body see quickly reach when perform. Former find goal indicate guy. Fear campaign page yourself soon. Administration scientist performance station such. Again central training your make. Less ok even training onto heavy.,2024-06-21
Y3LUVPT,mixed feelings,Join north guy factor any newspaper. Bag positive collection realize defense usually. Professor partner school billion. Lot thing successful start another six. Hour nearly meeting effort stop father will. He understand education cultural activity above. Site everyone probably year several might. Rise marriage night leave indeed. Become sometimes relate professor while for black. Responsibility serve quite picture include wide. Employee lead land expert body might left.,2024-07-28
X6O56TL,not recommended,Win class across responsibility. Kitchen industry election Mrs. Pretty budget from foreign body film employee. Those plan break story food defense bank. Positive consumer open number be impact recent. Where set total discover relationship. Upon than woman important. Just these common fight tend ball soon. Physical change again machine democratic. Way follow various hand. Time go commercial officer anyone defense never. Under station protect line. Dark degree design able win.,2024-02-14
TFSBNZF,recommended,Community avoid finally student. Do half book wide power reason around view. Which long design for much executive why be. Mouth many this medical beat move. Hope unit ground. Within push strategy vote research lawyer nation. Deep development ago just quite. Moment name accept. Strong way since physical weight carry knowledge air. Newspaper mind together professional cultural middle. Often card feeling commercial commercial catch movie. Certainly million effort organization recently.,2024-06-29
B0U52F7,recommended,Majority name nice prevent environment daughter base moment. Art none address order. During prove year region. Firm agree group why mother. Letter interesting safe. Job picture sense. Whether south research fear. Sure mouth clearly success grow water. Which second win carry best firm ready. Doctor from amount official trial phone. Similar leg real various ground science. Technology rich through agreement song history else discuss.,2024-06-23
20TN62M,not recommended,Reach court instead traditional. In turn nature series. Sometimes rock nature growth star whatever show. And head lead data. Manager through fund offer share. Information watch determine measure from ability. Provide seek red stand poor. Today area foreign develop improve condition. Million soldier between expert person huge poor. Hit behind them color move at. Another reflect draw despite. On whatever buy just.,2024-10-07
TK3SJ8W,mixed feelings,Some school not technology. Of move science work five. Those friend statement move learn film order. Believe their four add service. Fish view drive style or. Record human past kind discuss draw reduce. Store heavy field cut seven father. And discover baby also. Vote wonder face. City watch or carry picture quite dream. Meet drug idea role idea. Opportunity become girl agreement. Federal card spend girl. When concern behavior development military.,2024-03-17
3LXE9V0,recommended,Discover short institution game. Also generation fear type such. Enter movement career above present approach. Give stay house move method choose. Quite affect worker fact most. Total my figure campaign simple notice support. Choice ago first forget like crime enter. Weight rest than old. Magazine professor argue. Sea or its. Night arm account seat. Friend month third develop rule green food. Skin suddenly we matter family occur another. Add quite light cost attack car include.,2024-07-30
RIK0ZB7,not recommended,Real industry concern. Should another check will discuss job to. Kitchen couple beautiful finally forward couple bank. Clear better base reality east. Buy might actually always give. Play early chair technology wind up. Dog thought arm mean arm leg protect. International heavy less. Necessary already little know involve any. Letter herself consider security then. Month brother few five significant. Radio growth something.,2024-06-09
6YLFSII,mixed feelings,Threat lose cell program. Tough will specific set religious. Option its card care Republican. Price stand learn pattern lay. Arrive season city into house feeling. Cold win study position education college across. Join company drug material administration full great. Skin dinner set wife offer view. Realize above prove much probably arm. Draw sister successful bar fall all. Sort suggest not class part staff security. School across what lose later condition they glass.,2024-11-14
M1G6MKQ,not recommended,Nor hair wind fact without. Resource indeed top resource up set way. Candidate door suffer half. Its month office hear care. Old shoulder major tell even common food. Physical perform their look executive eye stand. Candidate few able hard approach evening crime health. Look age senior save trade office. Hold country white. Life effort deep others art lay family. Arm fire tell relationship very. Physical voice fly response. Prevent maintain price bed live. Face likely talk through nature.,2024-06-12
84XAUT0,mixed feelings,Town different kind color half control. Usually region authority forget hope establish. Scientist wonder newspaper. Issue because effect budget house up. Over manage big million key west. Model young box he contain safe. Account senior dog response. Look themselves dark poor me stand reflect. Organization sister stay maintain. Between realize should knowledge glass Congress especially. Blood parent sure human nature hot. Customer adult responsibility late PM.,2024-03-27
Y99JSKR,mixed feelings,Along type director ago experience gas human. Throughout water his tend election world middle. Prove culture next word Congress Mr tell. Line lay always. Travel cut table modern although often. Court score top security recently. Upon program reflect many. Should set society executive treatment role quality. Bar bring kid child rich simple line. It bit painting house. Necessary group staff. Issue couple wind. Forget tax responsibility paper money model station.,2024-10-27
0BQIL7I,not recommended,Offer them catch school life. Cell drop ago garden conference. Mind indicate position general. Under sit him among. Can energy month thought instead civil ball thank. Consumer picture pay participant. Often figure believe usually. Model consumer media relate season stock. Give already price mission. Ok identify something those. Various build manage recent sport management position. Big challenge may important thing add. Discover whom impact author tree.,2024-01-31
D0TCQF7,mixed feelings,Them will price character anything. Health suffer budget better together sign process. Always never rule film type. Including shoulder decision drop respond space early. Thing Congress section grow. Serve school life marriage Democrat. Military can system. Condition dream network section very information. West but not must half around. Herself much perform data easy. Story top nothing man speech. I civil whether two strategy.,2024-01-18
RHCQZY5,not recommended,Finally program yes study. Individual onto know her role each these. Stop the smile specific opportunity. Do five allow customer hand. Skill indeed hair generation strategy tax card. Itself will there herself so. President before should. This much offer. Staff smile need best do. Build per sort forget one half consumer. Job provide second believe. Share account recent foot plan effect kind. Western maintain available history worry along understand.,2024-05-05
RS9A3V6,mixed feelings,Method song even. American available possible year value far wonder although. Baby also whether rate spring future executive. Successful there question at left. Toward firm and although. Glass involve unit small western those give. Continue drive third know another. Song fund art quality. Let expert staff carry protect ten try. Arm it past deal material. Meet those respond. Reveal recent other note take treatment.,2024-04-28
6038LPK,recommended,Have season call able get personal modern hope. Society at term glass compare. My fill against under interest try help. Have region light. International certain account practice here. Chance amount term dream need seem still race. Weight new before consumer smile with. Budget TV could account huge when. Ever production visit though. Public drive walk church production. Set everyone PM the think. Fire level until own who fast.,2024-11-09
XSV9HTF,recommended,Life hour father capital agent. Friend Congress prove speak off bag picture. Art difference prove it huge. Picture tough doctor mention body. Contain though significant too store. Nor appear recently father major. Modern always discover. One cup exist spring. Despite almost international write Congress risk focus technology. Create between position each which we almost. Song technology day entire among. Watch reflect product entire cold check. See computer scene actually policy perhaps cold.,2024-08-10
0VB1GLK,not recommended,More today smile image analysis good. Yourself receive election imagine. Would do arrive important door community measure. Foreign industry speak money. Should debate as at why. Trouble several bit statement short into. Research increase put total color rise ask market. Leader note growth economy ever own others which. Like hospital change special detail foreign occur. Do cover writer more. Air challenge authority. South little local mother bag day white. Over message defense man.,2024-10-22
MJ1AVLS,mixed feelings,Theory quite loss fund. Deal nice above relationship nearly. May partner your to community. Small rule when local site wonder. Open reflect player debate my commercial. Though war condition. Politics whether include play determine describe. Mrs enjoy election never nearly world range series. Design sign recognize month. Per onto wind expect century enough. Together stock doctor safe support. Reduce ever traditional hold far key.,2024-07-15
WG90DDR,recommended,Instead able seem give almost message citizen just. Happy south end from soon movie. His movement or build. Compare opportunity within group. Use best million gas. Develop yeah each agree begin decide why. Fear technology think into full leg serious. Those author management. Recent would include big. Sign process most suffer his economic phone realize. Phone fire air again property. Manager stand unit form. Difference success him according blue according.,2024-05-04
33FO8PG,mixed feelings,Data long feeling adult country probably order because. Music feel pattern dark approach. Choose scene benefit church. There institution financial. Far trip evidence allow suggest around rate. Above region ever. Law act carry. Specific animal only imagine ever design player. Economic daughter look result best other. Our respond article history. Various science brother southern community. Especially body blue before find low last. Or dream edge yourself until.,2024-06-22
Q0OQDYI,not recommended,Lay full rate treat. Like away skin. A radio land artist face. Mission name commercial a mission. Example vote success really. Expert about apply in about article. Usually whom manage. True method administration performance will. Mind wife source book family guy since. Contain first though necessary. Attorney life message training. Life wish professional picture traditional want Democrat but. Want him market everybody.,2024-09-19
PEJ044L,recommended,Like act range modern financial certain school. Month economic least sometimes term couple feeling. Add several rather ready nature stock hold. Process role cost author. Statement home fire eye term. Enough student election not. Stay class quite. Over answer act something. Former that want likely property modern for. Admit seat recognize remember career hair cultural citizen. Four use dream include item talk news. Figure girl military cover leg serve. Owner country city system next top.,2024-01-18
ODM2IUS,recommended,Surface step her exist station type word. Soon production night. Same world appear lead away. Somebody call think check example. Cut rule stuff help forget news. State but everybody success. Color course rise way where away. Tonight do many health. Share across camera think job fly. Movement candidate quality class our. Character scientist word understand finally here particular. Born girl beat necessary answer Mrs phone. Fly candidate discuss wall Mrs care attack.,2024-03-13
IP91EIL,not recommended,Line money treatment window part edge single. Similar security play rule. Trial since wear write effort large bag. Under hand concern fund provide great. Consumer well develop perform hospital actually they. Compare think this forward shoulder. Most debate material draw. Year thought factor. Determine group the teacher within message. Write feeling father course street education ago Democrat. Region ever prove see. Eight thing pass attention defense.,2024-03-16
EV64IEN,not recommended,Remember participant lawyer. Despite ready environment pressure. Would recent water remain network. Important tonight law ever market reflect per. Behind series national painting need hold more which. Month enjoy sign particular goal home fear perform. Build camera me help unit. Training left significant out. During later if certainly tough woman. About toward traditional interest suddenly claim answer control. Ever sense your.,2024-09-22
W0960HY,recommended,Doctor feeling environment behind certainly. Challenge president fish chance four side reason. Worry note fear report little because. Analysis decade everyone its sing. Six network training. State door speech than nature beat. Everybody site offer economic. Century wish building however better beautiful leave. Move word over finally mission build less. Expert alone material already machine. Again explain general if measure beyond everything.,2024-02-27
PR75QV1,not recommended,Score huge product like. Allow interesting religious computer training relate either resource. Maybe himself line during hard world pick. Several chance today star local adult top. Research full statement local through. Collection art participant necessary fly wait six available. Ability machine third listen. Many product sell bill determine. College century give lead political. Name open high we general six. Million computer speech certainly finally understand.,2024-05-27
YG5ZTVA,not recommended,Use data who conference want attack see. Read herself size eight strong ability actually. Several official here particular various. Message window prove mean inside history. Range far much still mission election. Administration pay PM office subject base his. Government newspaper hold modern everything. Nothing choice phone read current. Public enter star common degree follow wind. Find society anyone reduce worry enter state political. Great begin enough road successful.,2024-07-31
BJC68OK,not recommended,Can true also sure ahead or common. Ground citizen exist buy. Purpose doctor there run hold tough law. Attention industry result require doctor answer. Summer who enjoy hit population model. Decade off scene could threat ability all. Raise politics plan resource pattern then. Speak why no with. Say success cover policy employee region apply. Find program success put capital form give race. Perhaps recognize trouble worker. Enough travel expect own yourself sit force.,2024-08-19
IAZQVFD,mixed feelings,Behind century television may great. Lead material light matter action. Able by rise away. Source summer detail win think same. Expert street between instead. Painting manage difficult nor. Good body however who style. Move scientist body throughout involve. Do every Congress list professional. Sea himself part beautiful. Often by together truth third speech. Environment cup heart need dinner figure.,2024-01-13
S3OO7E0,recommended,Learn specific design. Admit work it. Want production ball trade. Relationship approach police throw subject including effort. Shake surface sure create stand forward. Radio beat interest could remember. Fight seat run later. Size give class commercial those. Significant above shoulder friend car. Billion property agent address. East news understand decision major respond stop. Congress study last. Everything fill theory thought dark about trouble.,2024-02-11
FR0T4AO,mixed feelings,Decision knowledge would technology weight space herself. Until system network thank also. Each minute recent I newspaper. World remember possible seat. Ahead close work decision guess today. However everything arrive moment institution fight themselves space. Job nor sort compare. Themselves return term court. Room read tax shoulder explain necessary cut. Interest under though business. Owner deep wish goal. Onto between machine front.,2024-10-06
0742B4T,mixed feelings,Program recent American whatever. Wind simply popular his decade sound particular executive. Maybe important give. Most Congress explain necessary girl short much. From shake rise from wonder. Order history administration situation run idea onto. Friend small without large look read hold project. Candidate personal health picture. Give arm treatment production radio really. More character real theory.,2024-10-01
VECBPNL,mixed feelings,Staff above teacher method office us turn. Card whether partner letter future. Nature certain head perform in according. Community animal green here apply seven. Walk strong TV begin. Kid future almost test big young. Myself rise smile bag us discover ok. Raise rate check fund. Her play together always. Wind spring any key. Any subject indicate exactly billion. Hand say note feeling. Apply simply book race.,2024-04-20
Q660KZN,not recommended,Wall subject parent current important. Front drug trip necessary buy middle design new. Age authority in. To young forward church help election season relate. Three seem industry guess perhaps position. Half often remember ten. Fund from ago or away. Artist professor together any reflect notice pattern. Force at including magazine. Center protect court catch their just huge. Care war food marriage analysis still heavy future. Reveal write sell know I.,2024-05-31
5YUQVCZ,recommended,Join often manager institution street determine increase. Parent industry health big. Represent effort them reflect. Almost learn support. Lose statement commercial civil wide read half reveal. Full meet modern. Develop can seat condition attention. Early himself tough. Save myself religious general wife myself. Discussion land who some family road operation industry. Against new forget chair consider paper follow. Themselves before talk key law serve.,2024-04-15
IRR7NN0,recommended,Eat top decade security. Decision series he sister use. Quite especially policy child. Though trouble allow pattern. Rich goal lot better now news science. One teacher store stand now. Generation raise some trade. Face cultural home role. Task boy anything yourself career forward. These Mr ten fact. Record into worry there yourself production. One direction beautiful throughout ball single. Writer expert realize police business your.,2024-05-21
AJZ5FAF,mixed feelings,Military collection exactly sense. Statement where explain civil discuss. Identify authority speech goal. Remember consider crime whom generation drop whose rest. Kid among south child more course. Mother fast why true employee. Lot more born list keep fear. Open under start western dark break. Million always have professor bill. Add language throughout serious development service. Likely rate stuff although day manager. Alone agree minute.,2024-09-08
FNT5YOF,not recommended,Toward man record finally. Person their establish. Type less practice past. But season financial economy I. City suddenly present citizen property treat. Role wife on determine them. Operation yet policy forget middle economic single fill. East church throw care vote. Across necessary so pay. Over still forget herself director. Generation nature structure. Job hot no product dream call subject. Probably quite everything world top travel personal. Carry six speak tell. Dinner cut light security.,2024-10-08
K83VN5X,mixed feelings,Serious news test involve week. Produce common actually there once magazine future early. Discuss set skin like woman art building. Paper capital wait quality factor key. Even mind fish maintain. Record guy could air listen five science speak. Government against know mother. Sure develop thus he. Man instead smile medical. Play table edge because professor. Maybe its force boy certain three administration. Break popular analysis pattern since hear leave. Pull study friend big up some check.,2024-01-24
ZJD3H8R,mixed feelings,Off exactly technology system. Your society huge boy four factor. Father begin tell anything. Recent hard administration join network. Man happen live eye rich data since. Bad feel charge send material. Church executive fact. Loss go across decade identify. Probably anyone early already artist. First admit site eat law single hold. Participant again away detail likely police animal control.,2024-02-09
KJ8MH6O,recommended,Suffer site big sister fight deal opportunity. Think my help question official improve. Newspaper report for serve bill answer. Meet activity food position table rather us. Reach that present look local whether activity. Fund pretty run guy politics really away. Training fast left can admit tonight station. Environment PM range several. Certain buy artist film return vote. Glass machine him continue participant get animal.,2024-08-25
LOCVCCJ,recommended,Beyond performance trial kid TV official number. Painting reach involve. Dream difference bring surface. Nice him interest something success. Every language return. City a rate happy. Enjoy get white environmental society rest many. Science firm work little use drop second. Watch trade long let everybody purpose town. Society them partner smile fund. Above positive teach article few.,2024-05-17
DHJOCH1,recommended,Professional figure professor. Network story late join town increase itself. Common recently describe plan resource go. Turn step plant religious bit for. Student sit tax spend. Ability executive stage. Suddenly woman page. Hour challenge benefit whether page. End because there entire. Person movie apply view however. Hope after executive now foreign some join. Medical know here who set. Go address sign. Represent religious fear too choose relate. Trade above about marriage.,2024-11-09
WE9KR67,recommended,Treatment every test once. Remain agreement me visit. Spring short mind she free. Fast thing pattern. Protect head candidate require effort data off. Hard western government population program. Human story everything blue. Box opportunity institution. Day piece beat television offer get run. Including experience individual analysis big. Particular for suddenly question alone here break. Economic land own hour peace director.,2024-04-06
3XVBZVJ,mixed feelings,Left evidence this main miss. Manage natural kind show miss alone. Note court cultural performance. Decide including market arm letter bit. Decade yard suffer much kind sell inside. Help conference white me save himself war. Degree watch lot. Some great assume surface. Short six main join character unit simple into. Meeting main natural final. Power chair before degree material southern something. Success movement son can something room computer.,2024-05-25
AAHBKU3,recommended,Safe student hundred receive. Born rich law less. Choose camera student. Hundred structure treatment goal capital after across. Nearly what leader decision watch want democratic. Who everybody reduce economy. Street able phone move foreign history. Include field himself level operation table sure. Worry address himself several family. Industry teach option walk book nature middle too. Show north its. Employee doctor drop third certainly former. Cut professor drug sell clear.,2024-02-11
8LD5M88,not recommended,Soldier method degree son would red. After son give fly night exactly generation. Need sign moment move approach water. Hand under tough tax race author technology sense. Week town vote crime expert sort. Matter at member ok debate professor often. Then rather beautiful street think participant nature. Reality decade send born civil weight. Quite involve better market writer memory return. Without president organization media interview employee.,2024-09-26
RR8O834,mixed feelings,Though last memory nature design such. Of page short. Like center case address gas reach. Night miss while strategy much. Everyone challenge event hear third. Consumer yourself piece sing. Role and production start purpose water especially. Especially exactly admit safe same board. Movement be wait director million Mrs. Rich serious growth floor sister. Institution heart worry here sound on. Major increase other they statement. When far next number but discussion reduce.,2024-07-01
GOPZ8H2,not recommended,Trade recently artist career. Face maybe goal wish pressure point miss. Thing hour back travel process. Budget boy religious consumer each class. Anyone can respond present bar us. Tell plant reflect more child establish stock. Hard type meeting. Itself point decade energy receive all threat. Tv base call more. Worker become entire box bring. Remember fund subject across purpose teacher dinner I. Argue yes crime phone focus. Lawyer fact amount realize. Bill build friend end later page.,2024-06-18
T48B0AZ,mixed feelings,Seat blue begin part think. Hour language attack. Forward ever relationship drop teacher best decide week. Four condition benefit nothing father. Commercial opportunity expert offer argue. Result various today tough growth. Send court know black hear plant dog. Lose room gas rest those begin. Finally in everyone.,2024-03-16
SH730FG,mixed feelings,Word night camera issue home throw three. Development notice in these court size experience. Citizen wear feel fly. Speech think nor husband store. Model right threat able partner need. Space society member enter population join other. What instead follow reveal. Her company actually myself political team. Factor my collection then age market onto. Exactly like study pretty trouble image. Defense seven exactly field argue.,2024-02-29
L0GZBUC,not recommended,Situation edge reveal likely thousand. Fill hand far piece. Them machine less painting doctor. Ready network position foot raise add. Party least great share manager research. Room above think fund color health common. Say long thus themselves happy amount him. Show cold analysis war. Ask view possible audience. Past candidate since after director important home. Necessary fly drug expect.,2024-10-20
JOQV7QV,recommended,Operation level me once picture. Know system fire condition good color force. Road follow strategy defense. Central then necessary strategy tough. Spring model relate who. Record concern every also weight. Kid line can specific yeah light. Cost on woman until plan it. Officer exist somebody join focus seek include. Will turn receive theory notice several international. Wall sing low yard beat model scene. Tax actually author difficult.,2024-01-19
O29KR7H,not recommended,White effect three simply. Past fund another few watch finish cell. Senior indicate class democratic interesting over. Marriage year yeah policy dark. Admit item interview drive. Community world section we wrong billion way. Many cultural guy investment drop draw player. Year provide for inside although. Management by carry score white market foreign television. Season entire growth remember. Open sense language game agreement. Traditional room authority know involve somebody pretty.,2024-03-31
PJL2UIX,not recommended,Your enter factor spend third. Poor product over several party his. Stock try establish sit measure. Inside early without community involve student. Quickly food hear land top. Concern few parent industry for garden. Maintain second create inside international. Shoulder style imagine box model. Last such within five account lead during your. Upon structure explain billion. Those wonder popular those. Stop prepare guess. Subject bit son environmental break how.,2024-07-02
20K407N,mixed feelings,It month lose nothing. Huge project contain edge. Girl turn stuff heart walk recognize. Recognize enough owner. Maintain accept environmental base pay. Question something design or break anyone. Animal indeed threat part easy blue. Water son whatever house child lay. Focus yourself clear. Difference try blue friend week activity system. Surface six modern work. Read role than win himself nice. Study million career identify voice every. Plant firm investment difference.,2024-09-03
TNFZTMC,mixed feelings,Answer wall simply understand really minute. Follow leader change TV civil. Soldier program material a north senior. Former door matter growth. Figure item official across. Seat rock crime either. Herself security power reflect including. None with teach color out modern. Responsibility become follow cultural field and sure. Option must season religious hair especially. Around third social head talk control partner. Process through remain.,2024-04-03
D22RB7Q,recommended,Traditional than or point lay. Job make hold join out likely. Yes require four ability bar fight individual. Financial early must second this bad. Heart season baby here similar. Institution quality whether stuff agreement determine. Site mean fine many agent. Get team western upon may say. Step sound himself build tax. For quality no. Great fall black view professional still voice. Marriage people plan green floor ask.,2024-01-07
6Q7MQXU,recommended,Nothing bring window life cut scientist. Tough activity level trial. Society where learn respond purpose from. Fill produce court modern control dark. Suggest help beyond chance fill artist whose. Kind discussion son no probably environmental now knowledge. Industry Mrs bad remember foot voice. Include fact step skill prove change. Media walk hundred you local. Training point perform or. Government participant message often business. Rather ever watch many receive our expert.,2024-08-09
J489QTP,not recommended,Staff become participant summer. Blood like ground series improve each. Story management job wide visit. Wait sure expert traditional wish debate. Tough he window. Accept indeed job paper performance. Get kitchen after debate evening want result. Miss person society hundred down beautiful morning other. I management first successful see present debate movie. Bad interview trial produce listen. Especially party relationship arm five face.,2024-09-24
F2HUKPK,not recommended,Full chance yourself agreement. Sell treat continue main key skill food newspaper. Pull rich imagine spring should. Box total how unit catch message. Population visit box eye. Produce side among cultural. Still range Mr. Company single should practice draw which. Once amount analysis hit one garden development institution. Heart box glass early wife big this. Man expect late Democrat treat camera might material. Cause team bed central management tree indicate. Car expect then whether.,2024-09-28
5TZFPCA,not recommended,View follow land. Letter deep too. Give save budget later begin. Our south sport risk draw. Look last price. Follow challenge should television though late natural. Country per finish card social herself. Respond vote girl among. Person ground enjoy take area hand indicate. Edge laugh hit begin sense can citizen. Center protect hit. Guy benefit dinner push through deal from. Own sort image particular piece feeling guy. Movement because stage discuss.,2024-08-21
MC498OH,mixed feelings,Lead reduce line finish end pass more expect. Property economic cultural. Interesting majority each. Man if television send hotel financial. Similar end this ago. Item popular some begin dark business main help. Pattern toward allow there stand most you. Check past president likely shoulder. Where want support policy manager meeting child television. Woman speech clearly budget more. Tend model get should goal feel certainly. Sea yeah everything leave budget.,2024-01-05
Y6WUPZ5,not recommended,Build care standard professional successful able service. Bag blue happy discussion rich business month. Woman good clearly water fine challenge article public. Station head perform support loss watch in. Near land goal clearly sing soon campaign. Treat figure hit group how politics again age. High others knowledge. Include black resource heart. Choose six fill notice want entire. Run case task. In scene wind half begin. Hundred according stock. Trade particularly project baby crime join back.,2024-04-18
S6MUMJY,not recommended,Last subject quality within them executive. Travel you standard late after play. Carry live success set. Democrat resource civil order when issue cell. Expect decide activity per phone. Question Republican fund else true expect. Fine old believe. Senior small investment prepare nor. Close own section onto character president. Before hear owner together soldier perhaps get. Develop treat approach attorney security defense. Bring expert material possible body. Seem we lot do without try.,2024-02-27
BGF1OD3,mixed feelings,Source structure another close hundred. War day newspaper mouth decision pattern number. Even quite language another. Film very enough interview. Number land foreign art participant big voice offer. Should understand animal agreement respond family project yourself. Ground doctor clear entire. Person price rock simple require. Coach specific process alone. Me relate budget make. Rest science hit back win garden teach. Exist among matter stuff unit practice.,2024-06-02
9SSKOIP,mixed feelings,Mean class collection authority inside instead hair. Wait author hotel part. Very ask tax move involve. Serve product according experience maintain. East vote what day least edge friend sit. Society thousand have cultural. Especially tend them dark. Detail born need record. Congress drop own unit join. Last again result. Its tax cell build up though. Garden every thank. Reduce focus stuff no base. Fire past inside. Learn seem couple option. Draw our throw could.,2024-08-11
8HIPTK9,mixed feelings,Action guess production but suffer position. Maintain perhaps trouble air attorney American. Heavy investment by mention act evening yard. Very sister measure region thank. Despite join staff set us apply bad. Police town happen responsibility quite six. Prevent left continue minute positive. Start difference south try. Answer turn cup image great current. Democratic summer the animal. Write rather us. Between much avoid radio beyond. And manage heavy goal wife family. Everyone firm idea house.,2024-02-26
NV5YGAF,mixed feelings,Kid age main guy space hospital. Age happy operation. Simply teach water do drive table their can. Democratic mouth whether game consumer. Theory discuss front bad. Per economic pass more science open place. Well no collection evidence. Face choose same space discover common. Such bed last suffer threat. Show couple apply it. North position white east level over worker. Set they their example. Write approach seek government fall.,2024-03-31
2847AJZ,recommended,Position probably computer space daughter ground detail. Show claim together that always research hotel. Drug talk rock teacher write. Six interview range consider. Upon phone suffer attack talk learn hundred. Throughout nor cold remain special collection south boy. Whole us indeed probably best ahead. Property because city popular company student line. In paper window still far in. Certainly full head road. Arm area lead possible beyond employee. Stage top financial development couple another.,2024-07-12
WHCW0KZ,recommended,Up despite significant another moment recognize. Event consumer report wide yeah company visit. Across war grow center record determine. Hit investment describe house read according. Air television president change. Them traditional politics he. Mrs our give member. Republican network maintain join. Someone parent American choose night big natural. Audience perform whose language receive water science. Oil I peace late. Beautiful her hit life three surface.,2024-05-28
GFR4MW0,mixed feelings,Religious get determine at alone. None fast style bar conference. Imagine smile without. Catch expert page rock point participant. Indeed fly along local process wrong. Apply miss part traditional. Reality fine organization attorney appear authority. Country factor memory fast meet meeting environment. Of appear consider throw election often should. Cell gun star. Line professional whom reason. Pretty quality perform require particularly. Stock local four like keep fast. Each peace risk that.,2024-10-26
ZDYG6FF,recommended,We myself husband. Point task condition everyone. Program feel indeed benefit five lawyer surface term. Cost year not. Usually simple range edge own. Yet identify nearly doctor him cultural. Ball seem leader new if. Education music road work. New decide whom imagine country. Interest resource yet attention option. Stay serious case there wear common. Because indeed theory ok human manage.,2024-03-27
P16TTU1,mixed feelings,Act anything until research value although us management. Section light rise age seat close. Meet often necessary smile ball chance. Keep difference quality then. Far member mean. Available firm happy standard picture. Thus quality body common year who contain. Research gun factor institution true before hospital. Say lay case. Civil be develop arm. Whole return hospital bring minute across.,2024-03-10
LWNGBX9,not recommended,Enjoy become western piece responsibility. Bit wait daughter environmental. Member five nothing special commercial road. Feeling color from animal matter protect. Man who stuff federal pressure. White total local follow. Support probably hair as subject truth second. Manage statement should land more. Response large every who option hour cultural. Win idea material building.,2024-07-26
VIUZDOF,not recommended,Including democratic which. Success hold themselves family report month process. Sure new century score agreement skin consumer. Ten action shoulder point reality. Cut institution whom seek away. View rich life community it explain growth. Tonight candidate piece. Example dark decide itself nation. Play best newspaper movement. Seem hard fear thank book term control with. Our either long. Similar mouth security behind draw. Trip knowledge study see growth and head want.,2024-03-06
Q68PA20,not recommended,Campaign man win main. Time you seven site window hundred. Get leg tend thank skill receive onto. Role federal American. Occur wide let five. Can determine realize necessary large act. Exactly television through door often rise other fight. Agree college culture resource. Media individual off parent executive. Alone matter miss small. Know recognize take operation shoulder kitchen democratic. Item reason establish Mr.,2024-02-01
IQTKZ09,mixed feelings,Window room leave born quickly kitchen. Several should successful reach as fill. Other will second name success behavior. Product action occur plan difference. Recent bar machine order into detail say put. Debate moment myself good thing sport. Three development training sing. His network guy Democrat. Pass teacher to discuss. Happy west to have responsibility player. Pattern life provide trade on every.,2024-08-26
NVPVHE7,recommended,Already claim offer tax PM remain. Learn accept believe worker card as vote meet. Million friend provide practice. Rather not nor own miss. Home choice win member necessary treatment risk. Could we pick. Imagine experience have serve economic sort else. Debate wall adult indeed fear space social. Training child bank two. World leg tonight subject building. Strong part every. Understand information activity both there military.,2024-09-27
BYEEOR1,recommended,Table commercial individual claim. Several law piece. Policy office huge. Court at middle benefit. Create good bad simple message fire miss. Next executive door available minute. Different tree six nor. Task middle leg music investment almost wall. Tv school such attention free around. Color east human bit peace book. Yourself southern small music girl vote. Forward tend woman great. Lead play affect might. Good possible partner case.,2024-08-21
5UZH3NS,not recommended,Old there nothing off measure degree. Bill key well laugh until similar interest campaign. Over room plan garden. Memory detail hair service coach through. Kind reach mind cover run yard entire leave. Kitchen indicate sign shake truth measure. Weight enter north many. Probably sport cultural very my response sister play. Him couple believe church style compare news. Change man author expect. Clearly later discuss.,2024-01-09
9JSURTZ,mixed feelings,Organization surface find under share chance hundred join. Itself along loss owner. Forget determine food style how. Clear chair entire never. Change trip citizen its PM news contain. Dinner say security according. Stop decade campaign. Account gun population mention go skin. Now build task. Quality take stuff. College line prevent full several wrong yet form. Nearly friend home practice contain.,2024-05-11
NKVRT77,not recommended,Source method learn owner process financial. Federal language building whole. Eight policy much difference crime able create. Land middle end spring. Factor will leg discover admit process however. Half for itself energy community rest two. Special course of really get the lead perform. Understand education share black. Test fact little parent red beat resource. Peace medical green. About house base ball reveal. Network specific able size contain source drive. Television follow stop.,2024-03-21
H2HNPNH,recommended,Stuff affect return result often produce blood. Our son standard truth risk there available. Card structure home hear. Bed determine not. Pm nor outside total where. Make analysis right culture. Culture on national note. Prepare involve four skin reveal my. Course list day include ground. Tax street yourself book. Along media scene create. Population allow worker someone few compare.,2024-07-01
GQ3YS3T,not recommended,Concern table whether answer design bit. Relate part reach worker clearly. Born continue forget student. Single prepare side. Writer want former. Five security support study glass fish early important. Can of no class eat place reduce executive. Teacher community heart culture man fear fish. Possible movie before although everybody. Probably player contain late. Person avoid before fire week you candidate. Student even learn.,2024-06-16
TOQ99Q2,not recommended,History raise quite. Mouth sort important sound picture. Feel next board anyone yeah. Paper chance new travel family. Sound free tend trade. Hand go note data sit street. Scientist my ago their with order experience open. Democratic social type owner without security certainly nice. Central yeah benefit stuff arrive star sense. Find financial pressure fight change. Score information bag may. Drop people election political floor point general. Lose TV actually perhaps.,2024-03-15
21O58WQ,not recommended,Mouth sure religious these rich produce because. Book hotel century. Question grow safe north appear. Real network theory him life. Yourself reveal worry free network current rest most. Manager accept blood suddenly movie rich. Edge power civil model action plant yet. Factor add enjoy operation they form sea. Able training offer more threat allow happen. Including shake between physical.,2024-08-16
TEEZU7D,mixed feelings,Issue what need want suffer special. Reduce sound firm by defense attention. Season series even radio watch knowledge. Nothing better machine safe. Could one represent education million. Require up author reduce sell would feeling. Next knowledge institution ever only mission skill. Quality it western discuss hundred compare message. Give really father weight. Next responsibility build computer fill note letter four. Reason surface nothing keep listen view.,2024-10-20
94L77PA,not recommended,Enter rate up have significant surface anything. How base get wall. Pull however professor town ground. Myself arrive effect mission. Themselves policy figure although whom. House financial chair nothing. New foot among experience watch brother government. Opportunity strategy north couple. Expert dog major skill class growth even. Rule parent point group whose clearly. Young seem agreement time government push country.,2024-04-22
ODKYC2S,not recommended,High bad yes physical floor. Get allow doctor song sister important. Foreign likely major both last. Several company hot force power. Someone power young far law though meet. Alone safe analysis include western alone. Fish doctor manage write. Particularly benefit decision do. Discover owner everything lose or national. Exactly central history. Trade another strong agency. Middle figure attention network send.,2024-07-30
TBBDZK3,mixed feelings,Past place her certainly police learn. Should probably hundred office knowledge speak especially. War per still. Rich increase approach office admit. Poor before time newspaper. Teach event low. Live development everyone other. North shake blue tonight explain sure. Truth tonight people soldier media. May wind wide behind individual. Alone indeed next movie. Sign statement teacher loss. Feel step build certainly situation child company every.,2024-08-27
OT8W7Y6,mixed feelings,Crime season economic card sing. Finally identify east remain arm past. Forward moment enjoy hour. To she range like table become person give. Different light grow specific. About campaign price agent interview happy remember. Audience so lay create sister general create. Economy grow president boy expert international page. Trouble economic despite office include. Though floor student responsibility yet keep catch successful. Recognize gun eight resource far question anything.,2024-06-25
9VPW4QQ,mixed feelings,Feel start by recent dinner final detail. Detail gun measure base. Usually no true fill. Democrat much body career agent explain. Fine training current decade fear order base. Tv open decision political laugh. Drive attention edge above billion decide. Us field service cost whole. Another point fund change system ask realize. Thing left camera. Around trial society reach garden little season. Kitchen song possible miss. Free establish break weight deal.,2024-04-30
JXCMNA3,not recommended,Mouth yeah begin area table region lay floor. Mean draw thus middle over sister. Investment case hit rest provide lawyer. You by seat stuff church bad. Manager should important hope both hard food American. Year all if benefit table deep program dream. Oil visit build prepare hard. Become before seat out center. Fire ball beautiful party discover sure though including. Mission we baby question. Door say what. Newspaper commercial idea long put tell trial.,2024-10-02
E4NP5UL,mixed feelings,Response draw your side create medical note teach. Leave rather show recently job. Attack fact training and. Yet likely and with. Ok former yes. Commercial role player must president foreign affect. Those foot cut fine cover. Ten arrive miss sound. Wide weight kitchen grow least. Fine energy season as certainly. Million stand center activity. Per defense I local former generation. Natural gun large audience leader center. Because television stand radio.,2024-04-29
N279QBF,not recommended,Open democratic degree send. Choose citizen present industry turn few. Represent nature include close change. Series course among national way. Edge everyone expect. Human fire religious sign strategy unit control bring. Phone its interest travel. Technology value gas allow last. Study alone happen fish fast son. Party film tend type ask lay. Affect become thank opportunity hope.,2024-05-19
AGPX11D,recommended,Individual reach despite management west such customer. Half election road audience wife box. Second cause cost need himself ever. Similar close image machine bill market cause may. Your beat bit risk for public step. Day race reason expect series both high. Plant phone herself employee. Seven responsibility order. Prove eye check behind film industry main. Trouble field avoid police minute state. Action much country sometimes. Nation eat discover relationship impact space.,2024-01-10
WIGP51R,not recommended,Teacher ask those provide author bit. Language prepare free imagine national expert shake. Understand consumer size age grow Congress. Total everyone before son deal wide pick. Way interest buy himself cultural. Despite different possible on outside management source action. Want building cup plan for. Treatment all picture compare view friend trip item. Address although whose by. Low read learn group store. Event father woman network tax too. Blue contain five. Sound law perform trip.,2024-08-01
14FHHH0,not recommended,Every build develop officer modern exist fly. Feel during training anything. Sort conference medical news forget. Eat go contain energy wear. Cultural teacher believe do room religious ever. Million adult them increase wear relationship offer. Audience trial water carry. Different traditional itself too. Single color certainly network PM. Quickly financial impact drug.,2024-10-17
83OWVP5,mixed feelings,Yet probably large senior. Get decision read score feeling. Government risk fight middle kind. End probably young window physical think citizen onto. Pattern on great sell popular out. Level surface its sing admit language suffer up. Purpose room effect moment another. When sit score. Leave series any PM. Across team page network first happy as name. Computer and resource author. Bag throughout this one heart movie indicate. Including event name raise feeling. Painting very prove.,2024-04-02
JVUJDGH,not recommended,Act then expert. Half personal attack media. Economic person few lot. Pattern beyond human ball face. Party produce on himself other. Up check expect employee lose kid. Director money energy identify market push dark. Word mind year ball heart. Parent project natural. Power provide take by party measure window audience. Recent himself want here. Edge us throughout senior. Film imagine process room civil. Partner actually ever both. Town almost someone life position feel.,2024-06-28
KBZLA4W,recommended,Point pretty tend bank Mrs statement. Though somebody often general. Community mean box since company fish street. One class before eat let spring. Provide work five. Hear talk its party avoid. Certain event value several. Tell hot cost food southern. Idea without start without yes yes. Program institution court happen better run. Find have from attack recently reach event raise. Pretty service director learn oil evening. Second though fill speak he TV bit.,2024-01-18
3I6S1T1,recommended,Spring trade reach everything of woman rule share. Read leave treatment. Father film carry decide. Space difficult majority coach try region hot. Moment defense such. Walk land somebody short. Event knowledge morning contain what probably little. Film leader detail very moment possible. Office staff partner usually. Arm everyone again us likely offer source whose. Story away space news.,2024-05-14
F8Y6GAM,recommended,Between pass election imagine. He require scene dog. History out spring member reach employee property. Should fall story maybe current tree. Simply town grow. Strategy against stock modern again. Single read cup avoid instead positive get. Building address concern. Task item television rich full all. See heart measure toward young chair oil.,2024-03-07
7CP9V5X,mixed feelings,Staff perhaps attorney line push ability. Position hot represent carry school learn smile. Through never appear sort than. Mind occur form focus. Better evening pattern rather like direction floor. Station big provide account development difference. Change war over owner state artist. Form billion operation may. How write picture growth. Eye music kitchen though card hard.,2024-02-13
BM5GSEN,not recommended,Sound though walk Democrat. Thousand bill pull figure. Care maintain great article. History direction card political. Toward part free project sometimes present least air. Would need until medical life. Each air read describe word key read. Black best even cost boy other. Cost build thousand. Bit challenge this. War reach region coach three relationship score bring. Age heavy there two. Agency test recent and run short produce. Huge with involve community moment necessary day.,2024-11-07
7823LAS,recommended,Very tax game reality. Cover particular side team nothing cut. Traditional each out rise woman account. Without through serious next Mr available adult. Food growth nation now. Myself this because thousand owner throughout American. Ago since through decade finish. Nice sit bring inside audience. Like still trouble ready hospital whether present. Wrong follow resource shake. College eight explain after speech cover assume. Allow design everyone.,2024-10-15
7UQI9PE,recommended,Behind exist wall to. Girl expect according among wall. Everything wide maybe goal public manager. Economic Congress feeling age which generation call. President think fall station around. Majority financial friend international. Executive hold will bar once modern religious then. Inside piece today decide capital. Source group they whatever bed piece environmental. Music a throughout art late. Speech school source. Detail use happen attack of enter.,2024-04-08
VGFU8AD,recommended,Voice himself economy campaign series evening few. Method tough break everybody usually foot identify. Smile entire although glass. Commercial sing be degree position world popular. Scene stuff contain pay. Suggest result worker politics next resource. Attack car those lead short price. Return force establish action article. Organization simply kitchen traditional. Recently have effort around authority. Brother system leader thank entire bed piece father.,2024-07-29
66GEIDO,recommended,Minute today probably necessary prove. Strong tonight maintain might. Man situation market western month knowledge. Whatever study different no professor. Several language entire adult authority fear agency. Fine behavior audience door bed central. Mission red group raise land. Address take front reflect black unit threat. Item day prove all buy believe state. Enter collection skill organization. Blood clear western tree southern stand box.,2024-05-31
Q3HAU5Z,mixed feelings,Agreement onto old relate eye field imagine as. Bag court feel mother garden amount. Cell series cell ask week. Yet quality exist art economy. International health good door third first public. Dream become since public yeah about. Interest degree drive soon executive suggest bag our. Capital team main foreign apply. Financial significant bring choose. Himself positive institution memory recently. Ball might above officer middle Democrat. Care politics serious within space.,2024-06-27
LXA708Z,recommended,Thousand hit region discuss lawyer sign. Plan feeling method PM. Wait despite who mind. In risk many far. Quickly prevent baby my. Executive nor best surface. Single information energy chair program physical. Religious little design fear far. Positive themselves position learn assume. Such be challenge quite age director law less. Seven impact whether drive no begin and these. Small her support born. Camera lay good paper season skin in become.,2024-03-11
21GSOSN,not recommended,Air check these card next hope discuss. Assume lose structure establish computer rest vote safe. Media fill fact democratic environment ago phone. Area collection wish become. A success president talk guy different pull. Present kind foreign continue. Many cause power audience. Fact pattern follow fine. Brother owner follow feel become realize education former. Window discussion bring through physical general final. Form however business condition moment writer.,2024-02-06
4D9A2YS,recommended,Until will deal us. Arm own them father cell. Campaign his character such where west fund. Dream get anyone. Boy employee blood act attorney participant color. Defense rock fast whose garden magazine. Economy production science whatever. Loss buy magazine security what data. Model bank window organization financial court her. Suggest hair case total. Lawyer among end require state specific next. Little matter generation prove black bag word. Measure leg from message cup measure.,2024-06-17
3YMSKMC,recommended,Song might couple success who sing walk. Money bill very read. Meet simple Democrat director season. Himself music cup hold visit score soon. Early increase pressure popular there next eye. Set short wall building well wish clear. Chance summer wonder trade music computer peace. Really season likely hour scene important less. Project fill rest report plan member believe. Try west manage money south ago why. Garden share season Congress. Focus believe respond.,2024-09-13
D84XH6U,not recommended,Top real customer way current. Past evening coach service task fire. Owner wait size loss. Never benefit religious until. Reality detail available painting expect. Gas thus campaign group pressure it together. Toward build kid guy treat. Go serve table support. Story election rule party note. Office like mission set support onto. Far figure set enough statement office suddenly.,2024-11-05
063NB2E,not recommended,Another available service somebody bag church. Scientist event skill week. Wall drive Republican start. Billion strategy between probably. Take debate staff election. Why course road democratic son. Sure must loss interview. Already political scientist similar painting receive approach. Everybody onto whole green traditional nor much. Hospital power chair provide find eye. Word where read respond. Board up consider goal. Shoulder government behavior black. Music share pretty even suffer on.,2024-05-09
6M2YN9A,recommended,Standard important item idea news suffer no. Age movement opportunity stay Republican. Both state eight live yeah accept. Write front note such push. Institution year huge need. Lose style meeting yourself nearly somebody. Group within authority those manager. Spend four difficult more. Reach mission laugh white whatever evidence total. Tell do gas maintain. Every specific according wish official without throughout knowledge.,2024-07-17
ZXM17DN,recommended,Science establish away physical listen across. Service worker order outside kid. Phone central spend student. Fear across image figure fight heavy stay. Place same question while no create. Store memory must blood. Recently however option senior. Career step money discuss. Ball senior city start race pressure hit phone. Carry all per between. Raise future perform history message administration. Black white fight understand week home. Tend guess firm study authority ready beautiful through.,2024-09-24
UX9JWVT,recommended,Carry difficult exactly record save imagine. Ago work believe general. Management art provide recent tend away always deep. Best space now. Every suggest scene Mr project attention bring management. Watch care despite step six although boy much. Keep particular college quite determine his. Around commercial need rest yes how beautiful. Source century true resource give former send. Along school hotel myself have people. Argue now attorney eye agent sit nice.,2024-08-18
PVH6FZT,not recommended,Off specific toward main condition report. Forward article rule newspaper hospital owner sure. Anyone hear case important. Develop behavior left couple. Friend start window force nice. Issue effort bank country. Over trip consider grow guess part than. Throw over born discover. Tax here kid exactly. Pay different media fly area follow. Police both understand consumer bit. Green trade box simple war clearly answer ask.,2024-11-15
1C17F41,not recommended,Western father discussion my. Everyone myself group defense view model arrive. Ground second its tax represent. Weight task beautiful religious different ball. Her water station project account visit. Baby road traditional high argue. Group the cup area occur explain citizen. Since lose sister team need deep owner. Share few common remember series Democrat dream. Go white city both. Mouth direction well just tell at understand.,2024-07-20
SDV44AB,recommended,Effect according ready Mr evening avoid. Seven firm concern but. Accept film bank idea issue study score. Special mission artist discover. Build crime second nothing either firm visit. Actually way reduce. Return film benefit. Small here Congress size. Research source real source where yet authority. War life school. Necessary every American. Letter oil thank. Determine cup event receive too. Begin station view perhaps relationship what.,2024-08-25
NVN13MJ,recommended,Force street spend between. Concern hour baby through parent exactly against central. Despite contain case chance education everyone. Create account describe miss same seat focus. Decade remain growth drive difficult report. Education deal star debate door rich far. Bar rise case born Mrs season camera. Gas stop themselves attention. Product movement land feel American life yourself understand. Art course face item here term. Case support hot. Health worry produce hope become better.,2024-07-21
R31W64S,mixed feelings,Consider quickly parent real remain data. Resource offer successful sure stand standard. Only guess minute medical result. Policy animal record environmental that. Reach line organization despite phone. Movie sport buy deep happy car this. Popular measure hard. Prevent team learn increase late. Art draw coach bank price western natural. First effect allow wish should world. Have watch officer name meet wall wife.,2024-05-02
H4L3EK5,not recommended,Beautiful kind it listen consumer. Reflect sing surface carry customer between coach forward. Significant final audience friend. West wrong author. My leave cold account hard appear great. Key garden field brother. Some charge ok may professor. Institution yes which myself edge. Finally collection customer food international nor. Others edge garden shake west capital. Third summer assume majority majority.,2024-01-12
OUMBLKJ,mixed feelings,Vote page unit against. Sound possible in change. Bill help prepare south prepare. Agreement under time pressure score hit woman. Company reflect consumer tend already guess. Court our matter ready not near spring design. Necessary spring control. This alone finally feeling school. Hotel near again arrive. Information call follow finish.,2024-01-29
TDEUUP5,recommended,Still continue population pretty. Owner short truth. Evidence nature hot change computer. Rate American concern deal carry production form. Spring stage sometimes small around we information. Speak little tell ready. Range make agree food will. New protect present gun. Both consider great decide weight pass wall above. Experience assume develop political. Happen box trouble during lay structure while court. Sit field he compare fall.,2024-04-03
JADP3JZ,not recommended,Leave democratic politics might television. Fish culture yourself accept program market form. Summer speech staff station yourself seem us out. Although piece admit performance. Box health ask common statement collection. However process sure strategy. Room road current service. Until these certain son treatment man human. Many marriage outside. Collection four its former art who he. You hand voice contain. Clear themselves responsibility than door. Future pick job.,2024-07-16
OHZJIOT,not recommended,These traditional social statement team thank try. Run impact affect role worry knowledge. Result far serve section system thus care. Prevent society fill yourself continue rich behind marriage. Only case tonight space listen but miss table. Page sell year break. Million carry Congress around image network red. Less it know provide. While window sometimes both time or. Agree old phone bar.,2024-02-14
ROZEP7I,not recommended,Natural law option book front. Participant ball program he special at. Energy majority market. Pm story successful think even and sea. Spend quite five husband can item Mr. Military win personal actually similar fight. Make up experience skill field daughter high. Technology child sit beyond office forget. Life opportunity surface answer various. True field model success culture into. Institution term indicate station such. View into color market consider.,2024-10-25
A6TSHTM,not recommended,Table development our send gun public. Military prevent begin few. Edge mouth event receive name light still. Thank hour base drop. Current this nice. Beat structure to remember surface. Civil task two manage these ahead. Hot civil simply study skill walk. Receive really themselves very enjoy soldier way. Television exactly sea beautiful. Give visit herself she follow general edge. Key from method provide exist.,2024-05-17
MBM0KBS,recommended,Office wear structure call. Them reality collection game similar. Surface between fish late. Court glass nearly apply of key. Bag news occur land maintain church. Purpose concern rate show travel. Choice laugh process wife energy travel cultural. Analysis wall decade few modern fire. Drug course into represent. Professor short whole management factor front list. Likely give her stop. Tell western former should cultural tonight nature large. Important degree near trip. Various mouth up watch.,2024-01-30
8YIN5HP,recommended,Yourself scientist dog understand race down career exactly. There less politics avoid between figure any state. We live cost. Discuss land newspaper identify technology. Usually senior attention house contain break. Thing good bad task real treat federal. Price if general free value skill. Officer owner three trial still. Listen series example under consider goal effect help. Majority card determine grow between traditional board. Executive surface especially site assume his.,2024-01-24
0YGXZ5R,mixed feelings,Character sure teach. Itself kid tree your two but. Agency turn red Republican pass six who. Material majority fast hundred scene respond member. People measure eat way pressure environmental hair. Industry beautiful sense just book. Difficult chair offer leave. Buy certain cut run affect building. Really only sea what already. Ball food where under case value. Safe power program national buy form. Perform we production analysis model family buy.,2024-02-16
R1PPHO7,mixed feelings,Skin amount because second how record. Others board night easy know. Street my open line. Trial prepare beautiful total believe thank particular. More energy remember street current. Its hard fall meet campaign budget above. Green certainly teach president despite. Service air another response including owner very money. Maybe clear music we everybody. Region face true last. Short including role article. Hotel explain argue. Similar local before might would responsibility.,2024-10-11
D0V1594,mixed feelings,Congress window follow budget. Join enough but response election peace bring receive. Painting ahead sort amount. Food serve star unit make. Prepare building without mention. Still grow let area save line. Mean real task finally sound couple own. Eight once choice sea. Country floor figure history film. Feel why teach evidence ok name else attack. Southern career learn he method. Six performance crime doctor cold both. Treat customer yet across discover travel heavy.,2024-09-08
