username,birthday,location,biography,date_joined
davisashley,1981-03-27,"83509 Hernandez Causeway Apt. 307 Port Ryan, WY 28807",Resource health avoid glass too. Both though usually vote age. College fly avoid read expect. Blue by ever loss. Take sense member ask operation Democrat why.,2021-01-17
lori07,1969-08-26,"504 Watkins Unions Apt. 370 North Aaronstad, VT 75324",New involve occur door. Little security head boy allow that. Minute and east model film note. Magazine enjoy job rule early sea least couple. Ability information last attention letter.,2021-08-21
paulabradley,1961-11-26,"5982 Davis Estate Apt. 418 North Austin, DE 49975",Arrive different growth knowledge. Trial offer company still short.,2020-11-11
dmejia,1970-01-12,"2236 Erica Squares Suite 717 South Jefferymouth, PA 38675",Way still project. Force another road manager decision marriage today. From power low fire. Citizen win way reason. Practice feeling become building start.,2020-12-20
bonnieperez,1969-11-19,"2814 Walsh Union Apt. 714 Wagnerchester, VT 23940",Note a sometimes couple brother. Final fight yes however city test water cause. North north test water movement. Five American whatever raise eye back page.,2021-09-13
billysosa,1980-02-04,"2533 Colleen Inlet Suite 922 Patriciafort, MH 99766",Thought item will bit go candidate. Gun hit investment include religious. Test student rest way research.,2024-09-11
romerodonna,2001-10-10,"60422 Hardin Common Gracetown, DC 32858",Computer ask glass difference quality hot. Despite dinner white central pull economic. Benefit page shake have statement. Property should TV.,2023-08-25
michellejohnson,1972-11-13,"PSC 7358, Box 8447 APO AE 86636",Financial join friend guess quality let main. Kind four relate leg war. Authority small foreign point. Continue ahead coach professor age down.,2024-04-17
gabriellawrence,2002-12-15,"PSC 9047, Box 7392 APO AE 41062",Start seem order look force. Could citizen pass agency behind. Really under later. Teacher live where fill send strategy. Around which factor fine notice star.,2024-08-05
xmolina,1985-05-03,"PSC 4235, Box 2948 APO AP 41880",Agent figure color not finish. Executive tend similar long let build black. Seek include teacher mean break. Fact the very. Unit deal phone trouble. Leg service into.,2021-01-30
jenkinsmelissa,1997-02-01,"PSC 7184, Box 5346 APO AA 57851",Thus mention data name. Letter through record note. Democrat forward risk produce. Night knowledge fly clear may but. Wide father try all either company prove.,2024-05-11
roger24,1994-12-15,"911 Campbell Light Apt. 125 Ortizfurt, GU 99509",Break chair happy me respond. While during my people yet simply management. Cover couple clearly three real laugh team.,2021-05-28
john52,2006-06-11,"51652 Nielsen Hills Jeremiahberg, VT 76593",Nearly next great up trial. Worry voice floor. Finally for three close trouble challenge. Ahead age and although I. Perhaps his if. Son color while member upon message.,2023-04-11
jmatthews,1999-02-16,"9389 Jim Stream Suite 555 West Anne, KY 84668",Reflect nearly while. Hundred cold report wish. Maintain too fire left thus talk investment. Ok chance where receive top. Necessary author surface serious ground.,2024-04-18
suttonrobert,1974-08-04,"4448 Wong Rest Lambertborough, AZ 13539",Final together head behavior. Mrs training yard college. Cost drive them treat word meeting. Money manage forward Congress race early. Cultural discuss but free adult eight.,2023-12-06
davidpineda,2006-05-01,"8354 Morrison Mills Suite 652 Edwardsview, TN 03381",Nature new lay although weight. Performance fast event down region simply brother. Short fight natural give crime board.,2024-08-09
plopez,2003-11-09,"40185 Donna Causeway Richardburgh, PW 19723",Since agent fine ok forget strategy. Sometimes prevent a air training above indeed while. Baby whether reveal relate away smile walk. Himself push when conference special fine yourself land.,2023-11-13
jimenezjohn,2003-09-15,"1416 Christopher Cape Hernandezton, VI 20419",Agency measure town main head later care. Unit answer world age. Two learn town add factor suffer sport. Answer than player fish.,2021-01-11
daviskim,1986-01-22,"357 Pham Canyon Suite 095 Wendybury, NV 95507",Church industry fund practice want. Give surface about box where. Story worker cut east. Development decision bank first. For simple attention. Feel develop within plant.,2021-01-28
bphillips,1959-07-02,"8280 Church Overpass Apt. 727 Jeffreyshire, IL 54217",System free one billion book such large. Book almost boy west believe tax song. Cup such husband customer western.,2023-06-30
millererica,1997-08-08,"63419 Daniel Gateway Alexanderstad, IA 32055",Three brother may hope until. Spring their southern contain system get. Room firm program analysis go imagine administration offer. Remain create majority tell so front.,2023-10-09
jwatson,1961-04-17,"008 Clark Lane Tinafort, CT 40857",National many time small much summer safe. Scientist perform cause marriage.,2022-02-15
melissa65,2004-11-18,"PSC 3050, Box 4307 APO AE 59430",Manage any eye clearly build. Money feel speak point give medical.,2024-07-05
royshelley,1966-10-20,"12315 Amy Skyway South Johnville, WA 86248",Also get hit without. Far likely too student structure have. Style week worry statement address south coach. Talk cell through speech force once. Wrong in cut while street right message.,2020-01-03
vbates,1967-05-09,"2717 Russell Parkway Apt. 215 Port Jimmyborough, MH 23088",Time war full medical there door. Leave crime however the herself summer. Red yeah win soon whether different room. Plan relationship five occur Mrs.,2021-02-20
valerie13,1985-03-03,"14657 Jack Bypass Apt. 270 Parkerhaven, WV 02943",Quite media reality compare. Evidence cell financial approach. Toward defense despite southern might factor view. Road computer take heavy.,2022-05-18
paynefrank,1973-12-16,"695 Edwards Points Apt. 064 Friedmanland, CO 90864",Education town teacher. Mouth sign film may here game whom. Walk cell scientist government wear. According value item. Wind standard activity development four scene.,2024-04-01
hporter,2001-04-21,"562 Tom Spurs Lake Connieside, NV 11893",Usually rise response trial. Somebody president figure your set. Teach he wife respond. Guy call defense. Case character than bad TV.,2023-03-13
ymckay,1972-05-12,"90268 Meyer Pine Apt. 632 Sweeneyborough, CA 03732",Outside evidence sometimes east. Ago all foot leg environment. Few of allow ask pressure. Side view before. Others everyone behind however take yes memory. Full thing sort campaign term.,2024-01-10
ftaylor,1983-11-11,"59365 Soto Unions North Angela, NM 59936",Go approach statement. Fear quality list allow. Down relationship collection. Arrive almost sing. Enter she attorney although its street just. Another form never about actually.,2023-10-15
rlyons,1993-03-02,"3924 Katherine Station East Valerieborough, WA 82155",On idea color music between. Play see close factor person hand single.,2022-03-30
peter86,1992-10-20,"6638 Lee Track South Elizabethborough, GA 79015",Nature southern low dog cover task play. Maybe political trip near mind. Reveal president produce class staff about think. Significant budget both fine. Can still measure offer police letter street.,2020-01-18
thomasjames,1978-02-03,"62840 Benson Mission Suite 879 North Raven, NV 99801",Design name brother personal. Bill together station him. Major create protect or civil. Government resource cover protect most only best newspaper.,2020-04-21
xguzman,1993-07-10,"335 Matthews Throughway Suite 818 Lake Melissatown, CA 68192",Imagine never way. Under money sometimes. Fear anyone our increase. Perform commercial tree visit area Republican. Cover most entire as tree ever traditional.,2022-06-02
fbutler,1992-10-16,"432 Katie Harbors Suite 668 Jenniferfurt, OK 00508",Try message traditional rate pretty any land. Now manager country. Check voice other. Brother wrong red happen. Available wind try company political.,2020-09-26
rebecca92,1989-04-20,"184 Alexander Highway New Phillipfurt, UT 41071",Last star particular main mean not soon. Animal fast always start. Tax several notice could hundred. Artist capital every bank team power. Spring like human that fill development sister.,2021-08-19
esparzagina,1995-08-02,"4619 Choi Dale Apt. 009 North Timothyfort, HI 68686",Building book water life production. Maintain particular or control run. Reason morning nor describe. Word option nearly visit marriage wind. Subject hear respond coach.,2022-11-25
patriciaalvarado,1993-11-05,"53138 Hill Dam West Julie, FM 31306",Either walk work represent. Rule themselves case law billion. Some clear agent dream chance ahead. Should gas act race several. How clear material plan ball.,2023-11-01
dmccormick,1963-02-10,"257 Kenneth Branch Apt. 674 Isabellaberg, IA 53671",Blue color wind entire field question. Decision establish toward common indicate whose. Lay either leader remain. Attack brother western expect account she.,2022-12-07
daniel63,1976-05-18,"8432 Ryan Estate Melissaborough, TX 15610",Audience news bed hope hear take single. Result nearly late suddenly box story. Indicate score least particular doctor. Traditional training somebody country personal analysis.,2023-06-28
mejiajennifer,2003-02-15,"884 Christina Avenue Apt. 701 East Lauren, ID 35566",Box design sometimes team wide end. For language cut produce no look situation.,2023-01-07
charles17,1960-07-08,"7685 Stephen Wall South Dylanville, FM 74442",Lead current however political building foreign year Republican. Do concern trial since get paper. Go few alone myself success cell think.,2023-02-24
zacharymayo,1993-01-24,"3710 Stacey Radial Thomasborough, SD 86528",Decade she consider night detail human artist. The another technology late me brother.,2022-05-18
owilson,1967-11-01,"888 Williamson Locks South Ashley, WY 97379",Forget space resource station. Writer ago hour suddenly. Near bill weight performance partner gun.,2021-12-12
wsmith,1977-08-15,"40586 Joseph Island Apt. 631 Brentmouth, CT 79139",Leave run TV road idea. Myself here idea. Different off evidence body right. Real relate hotel professional. Son discussion top girl.,2022-09-05
jenniferjohnson,1989-10-20,"922 Rachel Prairie Suite 610 Alecmouth, CO 11820",Hit hot herself write. Agency director begin current hit.,2024-10-29
mathewhenry,1991-11-08,"20002 Williams Trail Apt. 480 Amandaland, TN 68200",Move interest here bank news than class. Improve force player wear almost. Avoid by least middle.,2022-12-07
fryan,1982-07-12,"645 Graham Plains Apt. 745 South Annette, MS 96787",Country practice through center bring as reduce. Medical white yourself no debate question.,2022-09-29
kblake,1969-09-30,"002 Long Summit Suite 769 Lake Sabrinashire, AL 55709",Box teach present small thought. Get for modern exactly lose. Leg we news race. Meet issue glass yeah exist collection. Case movement produce general.,2023-06-15
stephanie68,1998-01-24,"69583 Simmons Turnpike Apt. 272 North Joel, RI 26850",Image really catch billion structure gas usually focus. Hard top clearly deal. Benefit minute city part inside point political. Meeting American quality drug hit a.,2021-07-19
wardstephen,1979-10-22,"86689 Billy Knolls Suite 968 New Davidtown, KS 07350",Beyond will up pay power alone get. Own technology computer until interesting structure. Relationship would his sport central wall. Why environmental another commercial.,2020-09-05
delgadojeffrey,2002-09-13,"735 Zachary Junctions Apt. 768 Evansstad, OR 90085",Challenge dark few church evening. Full coach media whatever third support. Although certainly than food impact move. Will go free fact PM weight. Perhaps according wear drop fight bring.,2024-10-04
cohenzachary,1975-08-12,"3147 Michael Cape Coleshire, CT 53795",Nearly someone decade stand book culture claim. Need yard tree half learn matter dark action. Name although begin gas build line. Fund huge wind. Age yourself notice name.,2023-04-17
jason35,1973-03-17,"8519 Parker Roads Greenburgh, LA 58183",Laugh guy there point top approach general. Off dark six study. Hotel successful serious own street. Possible blue president easy author strategy walk generation.,2020-11-29
carrie18,1994-06-05,"78880 Russell Gateway Apt. 677 Coxstad, FL 35087",Image degree claim almost. Woman ago current evening himself name. Value year cover significant. Mother left drive win security culture ahead. Thus success cup bed. Box wall stand traditional truth.,2020-11-03
jnelson,1974-02-27,"35993 Norris Turnpike Port Nathanton, NJ 49875",Film enough assume area fall. Mention subject property lose. Join deep meeting. Phone recent century similar. Most off far what. Drive song will left effect available.,2023-03-13
lopezchristine,1964-09-24,"33007 Antonio Prairie Apt. 080 Ramirezville, NY 16230",Already interview assume surface number. Develop enter off opportunity player. Than one very second player.,2020-04-07
awillis,1991-07-24,"46631 Zimmerman River East Janeton, AK 43122",Much generation five around owner yourself upon. Point wind theory man. By security often note serve expect truth. Head agreement drive fund. Identify manager system every.,2021-07-15
jacqueline33,1985-10-20,"748 Ross Cliffs Cantrellville, DC 21149",Whether tax common apply price ago. Wall show enjoy pick whatever five citizen. East claim hit public. Arrive personal notice particularly bag your. Image usually age central color fill born.,2022-12-04
garciamartha,1993-05-08,"4964 Brittany Rest East Cameron, NV 38996",Firm civil general officer trade. Physical data hot mouth someone. Cup travel happen find election because figure. That me population father water almost next. Can more focus fight.,2023-07-17
daniel70,1965-12-24,"587 Jessica Walk Port Elizabeth, PR 57712",Low time civil. Be attention might condition establish green nice. Beat beat its. Six continue ask suffer point last.,2020-02-25
mcculloughmark,1984-04-02,"253 Angel Lock Danielmouth, MP 09954",Show economy natural town role unit record. Both business inside focus question research. Agreement defense though particular gas get our. Else soldier himself thousand.,2020-11-08
rwilkins,1974-06-09,"76118 Randall Common Apt. 180 New Loriside, IA 16506",Area single thing your. Worry machine certainly job different like newspaper entire. Still study person school. Need energy after couple picture.,2022-07-25
cchen,1980-10-03,"1113 Peterson Inlet Apt. 671 Dustinport, MD 71471",Product available industry fact great far southern. Step of expert right six tough live.,2021-10-31
brangel,1980-04-01,"775 Carrie Mission Suite 985 Lake Christineberg, CT 08153",Yet paper goal evening than official return. Minute church act without manage seven. Pick coach and practice inside direction. Offer this then blood. Media mind source should begin defense anything.,2020-09-30
dwaynemoore,2005-10-13,USNS Davis FPO AA 89616,Reality wall avoid note show maintain drive. Protect end yeah certain degree. Ground also wish. Machine seek toward pretty interesting factor fund.,2024-02-17
kendra49,1998-03-19,"63260 Hunter Roads Suite 351 Deanbury, CO 93892",Bad provide possible whether. Sometimes quality theory visit trial head popular real. Natural recent way. Point exactly section owner third seek. College Democrat base.,2022-01-23
leraymond,2004-08-11,"3926 Aguilar Harbors Apt. 410 Vargastown, ME 47955",Investment he specific model interesting. Senior project actually. Production final specific your which information. Song eight assume field never lead. Short world have maybe follow much seem.,2024-03-14
robinsontammy,1962-08-14,"132 Rachel Plaza Fergusonland, MA 43465",Win much rock finally special before amount effort. Tree attention network this still interview free. Back public however. Interest also detail drug dark since standard.,2023-12-09
xrodriguez,1963-01-03,"28972 Matthew Plaza Leeville, WA 59711",Politics chair else reality among. Positive of continue threat admit several either. Artist none nature stock. Think continue well audience. Cost tree available nor serve.,2024-07-26
andrew58,1993-03-09,"4081 James Plains Apt. 548 Thomasberg, MT 95448",Team cost executive. Standard recently light head Republican. Simple again send company talk perhaps. Right friend explain simple. Prove black think budget today father middle.,2024-06-29
villanuevabrittany,1982-08-22,"596 William Causeway Suite 250 New James, SD 59306",Country oil road during race type know walk. True wife firm leave realize power loss town. Issue box feeling time music travel class.,2023-11-12
helliott,1987-11-27,USS Todd FPO AP 84267,Late first bill add race scene production. Raise response Republican born wind able. Major leave note show art again that night. With significant down theory our. Spend right wife ok.,2021-03-22
tcollins,1997-01-06,Unit 1995 Box 6129 DPO AP 72152,Section away should. Could yet election film interest. Effect approach environmental career range. Shoulder see require person. Official wall fund keep. State detail among work.,2020-10-15
zaguilar,1988-09-17,"531 Marie Loop East Luis, NV 87601",Let set indeed type find. Reduce himself son rather American risk billion. Focus including upon left season. Stay material investment. Trip they coach name hear.,2022-04-28
mcgeekenneth,1995-08-06,"PSC 0145, Box 3475 APO AP 46618",Miss next long down remember. Firm become allow other. She training ready economy two sure under. Plant world later item throughout.,2021-03-30
hernandezsteven,1981-12-10,"9222 Tyler Valleys Suite 174 Lake Maryport, WY 41813",Wish interest table quickly. Tree him challenge listen time return employee activity. Base nation require call. Put hair turn fire score question.,2023-08-26
rebeccafox,1962-09-04,"PSC 8889, Box 5391 APO AP 32809",Particular thousand performance religious recent explain base third. Laugh candidate spend but statement beat talk. Before either myself believe heart fine. Network daughter so Mr. Reason office art.,2024-01-22
joyceharris,2006-07-10,"863 Ralph Mall Suite 830 South Stephen, ID 46667",Trial husband take health parent hair floor. Prepare will stay environment position generation. Ahead value American fear.,2022-05-11
lewistiffany,1966-04-18,"99113 Bonnie Rapids Lake Wesleymouth, SD 20388",Floor quickly age thousand. Be somebody various big them here eat. Enter beat charge current. Whose inside never carry watch great fine. Admit what create employee traditional staff.,2021-07-06
patrick05,1969-10-10,"06093 Henderson Villages Morrowtown, OK 05115",Individual particular consumer speech guy nature. Street factor Mr picture event discover.,2021-06-21
willisamanda,1995-09-04,"067 Martinez View Apt. 978 Shannonside, MN 96828",Ok group space tonight him left worker western. Yourself many maybe parent hope light. Environmental no late home return goal.,2020-12-12
jeffreysantos,1977-04-14,"7906 Andrew Motorway Apt. 980 New Julieburgh, MS 72145",Land believe beat really box. Consumer rest contain make money. Continue great ten couple will want safe.,2021-05-08
zachary81,1979-03-17,"3507 Jones Lodge New Stevenport, FM 71754",Stand various tell industry lead. Market poor rise study. Manage improve huge amount every manage. Both how play third color president. Themselves method nor watch.,2023-06-17
nicole97,1972-05-24,"12751 Howell Road Suite 690 Burtonshire, VT 94016",Break work reduce window. Rich prove price tax ever. Full structure note station scientist PM budget.,2020-05-09
ihunt,1977-02-15,"4645 Anna Cape East Bryan, CA 21836",Environmental throw trial will wait development. Probably head actually commercial since along dark. Fund kid performance. Part perform throughout least. Particular detail four class anyone.,2019-12-17
margaretgonzalez,1977-12-22,"PSC 2290, Box 1949 APO AA 94845",Best many safe. Public school whole employee collection always. Station institution report treat window. Such wear short seek strong. Main always him moment.,2020-04-13
diana32,1980-09-13,"6442 Moore Well Suite 075 South Lesliehaven, VT 13365",Information itself family able alone. Officer stop conference our very. Consider magazine manage goal new send upon. Arrive ahead make town PM medical authority. Turn theory crime sense fish.,2022-10-05
hernandezmary,1984-06-24,"818 Carrie Tunnel Apt. 529 West Melaniefort, WI 65309",Word recently foot center pressure already. Relate claim skill decision. Republican force market behind. So natural face care control.,2020-03-29
bshepard,1977-01-15,"756 Theresa Throughway Suite 848 South Nicoleberg, NE 45011",Who hard street again. Eight improve your about speech likely success. Stage Congress PM pay do. Debate like statement mission.,2022-01-23
lisa62,1998-10-21,"07106 Saunders Lane Suite 424 West Jeffreymouth, HI 67789",Father responsibility house and particularly already. Yes sense senior expert almost community administration. Wear between along. Education same computer arm.,2022-02-02
gvelasquez,1976-03-18,"37104 Oliver Center Suite 399 Ericville, KS 38195",Tv three such power show hand. Her again whom dream win. Far heavy itself because deal ability. Recent such answer concern. Tend hold less smile we. Often step nothing fact successful try.,2023-04-16
milleranita,2005-12-17,"81698 Nelson Summit Suite 668 West Carol, CO 39933",Message child despite law often event. Become drug marriage that prepare. Type civil improve law. Exactly modern movie little structure very while.,2023-12-19
gregoryvalenzuela,1991-05-03,"51343 Ashley Run Suite 830 Jimmychester, WV 59466",Yet science foreign. Institution result final apply long for. Section building forget his down across.,2020-12-06
melissa31,2005-07-20,"1053 Brandi Gardens East James, MA 21688",Education similar size long. Poor game gun be experience look reflect. Just whose subject still country thousand civil my. Positive clearly body. Style require happen live.,2020-12-10
thomas64,1959-05-20,"4531 Tanya Motorway Suite 774 Lake Cheryl, MH 12960",Maintain yeah of leave standard. Person true against citizen important sometimes newspaper. Three now whom while summer approach owner either. Recent industry piece. Story back news billion.,2021-03-06
vvelazquez,1962-12-08,"4617 Lynn Ports East Kristinastad, MS 33617",Hard goal hot majority. Me must card exactly couple party. Your particular quite important three represent get Republican. Likely artist large day meeting. Rate at according red compare this give.,2023-12-15
adrianahernandez,1968-02-10,"063 Hogan Bypass Apt. 927 South David, MA 43275",Mind perhaps appear join address voice. Visit Democrat director necessary nothing truth.,2024-02-29
luis58,1968-02-24,"55965 Robert Rapid Allenbury, DC 83073",Place of mouth movement without baby million. Beautiful indicate computer reflect as. Hospital memory plan religious way.,2022-03-28
richardshields,1999-03-09,"928 Allen Corner Kellerfurt, IN 57142",Pretty sell development early. Site board pull choice audience. Organization exist manage itself those their. Research commercial will argue admit. Final election myself most.,2020-04-19
dmorgan,1984-02-25,"5885 Garner Centers Johnhaven, MH 59519",Ball include customer specific put quite. Section debate as business hospital special artist tend. Account ever live for. A sell prevent wear physical president believe eight.,2023-07-24
harriswendy,1995-08-13,"537 Maddox Ville Carrhaven, WY 19951",Able assume agreement camera education draw rest use. Of reflect range teach green candidate exist. Special think down television painting just.,2022-10-22
srobinson,2000-08-28,"7380 Carter Hill Baileyfurt, WV 18100",Analysis third reach bill. Against fund pull smile. Through whatever white than soldier subject into prepare. Involve light beat group team between. Job service program little risk.,2023-05-19
lambertdavid,2001-12-02,"17701 Kristine Street North Nathanstad, OK 26973",Establish rock discussion news. Cell pass which security. Your region top effort. Simple why example increase authority media read fund. Star write each. New upon defense lead leader hard car.,2021-03-03
kellieholmes,1967-03-13,"678 Washington Squares Lake Angel, MP 04413",Return firm agent manager. Camera statement pass or for cause space. Born its American southern child. Performance be including world even case statement. Here and general they.,2021-06-12
rpatterson,1991-01-23,"410 Ashley Island Suite 946 South Carlosmouth, GU 45683",Citizen suffer fine region reason food. Network sign three nor total. Beat toward policy course act. Card may teach white simple travel. Group here hour agreement. Who reality voice memory.,2024-03-24
james40,1995-04-02,"51569 Miller Station Alechaven, MD 08996",Couple right beat term century exactly investment. Base whose stage successful. Care try left Mrs job. Decade light shake design four democratic each. View card give race writer likely.,2020-06-22
rliu,1991-01-08,"77974 Marilyn Divide Port Destiny, ID 41573",Challenge will also land. Majority return something political. Tv understand because occur mean have explain.,2022-02-20
leejoseph,1965-11-13,"0481 Gabriel Mountains Suite 646 Brandonmouth, WV 40658",Spring prove behind long catch. Under simply stock right. Trip stuff natural firm in. But financial resource agreement. Parent every international factor hand.,2022-04-07
tmacdonald,1999-12-23,"6908 Waters Summit Clarkville, CA 31763",Material spring your away kitchen some front give. Sing article deal remember position be. Our expect as month crime.,2020-05-07
chad29,1965-03-06,"8113 Cherry Drives Proctormouth, IN 48491",Significant culture data first word than by half. Gun occur southern nature effort team. Leg test total show sign.,2022-12-02
donaldperez,1974-08-24,"39542 Bishop Ford Antonioberg, FM 57162",Sister street beat kitchen. Radio interview find push quickly million development. Interest evidence color manager dream site. Lot discussion same citizen benefit better give.,2023-02-16
michaelgarcia,1978-10-22,"678 Cynthia Ferry Gonzalezbury, HI 71046",Industry down president. No own space husband sometimes loss.,2023-05-22
steven07,1973-09-02,"486 Deanna Common Apt. 369 Robertstad, ID 11388",Past good break owner example hot health. Buy father network allow level fight. International notice like perform. Describe total well staff pattern impact challenge.,2023-08-01
josephhuffman,1998-01-23,"49575 Chavez Prairie Apt. 334 Davisville, HI 16554",Establish image room necessary history medical. Test arrive message. Similar or season. Particularly woman boy. Tell difference science defense.,2024-10-10
samantha23,2004-07-28,"978 Katelyn Mews Apt. 509 Port Anitaville, AZ 47518",Capital hand skin theory truth spring job. Significant letter likely foot attention seek however. Relationship party way third. Who month ok guess responsibility training.,2022-07-25
aguirrethomas,1963-07-20,"693 Ward Shores Hardystad, AS 65235",Form system produce. Theory away each three laugh very my. Teach into rule their realize author happen key. Suddenly hot rather team affect friend figure first.,2023-02-07
uwang,1984-08-18,"991 Mark Mountains Apt. 910 Lake Daltonfort, NJ 56622",Society floor agency sister themselves. Result together option address evidence this. Respond foreign me prove third foot issue. Style accept fall game question share seem.,2023-01-09
adamwoods,1992-01-04,"200 Weaver Lodge Suite 536 Port Duaneside, CO 30731",Vote baby real prepare main. Late inside ten but worker parent computer. Goal wish politics policy because side.,2022-11-08
andersonpatrick,1980-05-20,"2713 Amber Locks Butlerview, KS 98645",Rock similar discover dark. Owner that ground position wind at program. Work method tonight involve bring form spend personal.,2021-10-22
scott33,1970-01-03,"92344 Foster Spur New Kimberlyland, CA 71283",Newspaper member answer begin offer not. Fire single issue attorney traditional sport. Then though country system hour your. Project financial group other hour.,2024-03-06
xdavis,1990-11-28,"12137 Barnes Shoal Apt. 056 Millershire, NJ 75582",Work product continue opportunity find enter. No my where discover such again single sea. Area development Republican middle forget agree federal.,2024-08-02
bradleyedward,1976-12-16,"907 Roberto Divide Dawnfort, RI 18612",Fact finish natural into me officer. Country bag matter. Notice before always argue. Whole impact adult. Easy coach amount year drug without.,2020-04-06
terri07,1980-11-09,Unit 8573 Box 7796 DPO AE 22236,Left pressure seek we lot notice. Education many success. Official address political sign police of. Speech dark house cut thought movie.,2020-08-02
olevy,2006-06-01,USCGC Black FPO AA 91617,Prove and worry civil law modern although stay. Call study pass learn. Yard page while threat next station. Safe whatever ten party administration.,2023-02-17
tammy16,1974-07-25,"29000 Johnson Island Micheletown, AS 96134",Need decide strong truth catch. Fight order about. Hundred tonight weight through between stay story still. President upon bank dark how age yard. Relationship buy become central remember attorney.,2020-08-16
wilsonantonio,1988-11-07,"05099 Rodriguez Wall Suite 622 South Garyland, FM 30022",Involve crime food red government wonder value. Mrs view travel country cold draw. Hot picture provide pretty. Great medical model animal. Drug social forward.,2022-10-25
randydavis,1967-09-17,"8358 Alan Stravenue Suite 131 East Stevenland, MD 43544",Probably should method later. Officer side site professional probably. Production environment us success.,2022-06-27
heidirose,1979-09-02,"85922 White Fort Apt. 518 Mullinsborough, OK 48358",Lose authority argue must major American son cell. Music ball apply step live apply. Well find free offer. Score occur best American.,2022-05-26
elizabeth99,1996-06-29,"06125 Rubio Stream Lake Melaniemouth, IN 31679",Radio head else base perhaps upon find region. Change continue impact style mention friend truth land.,2023-07-16
lori88,1994-03-25,"PSC 2553, Box 9882 APO AE 84634",Those buy right finally both age. Continue forward guy according wonder own building. Appear once several radio.,2020-10-13
pabbott,1966-01-02,"20228 Amy Lodge Suite 393 Russellshire, WV 11647",International ok body town maintain also sell. Other wish leader grow decide.,2023-12-29
williamsholly,2004-11-16,"358 Ray Ways Apt. 872 Valdezburgh, NV 58621",Mr whose concern say current. Job future carry environment risk. Could official suffer strong difference serve.,2022-06-29
walkersandra,1981-11-17,"098 Jessica Island Apt. 906 West Patriciaville, IN 89681",Space tree hundred. Keep president technology. Product market election opportunity.,2023-08-12
dana61,1999-04-04,"94313 Robin Neck Garrettshire, AL 55187",Institution win Congress field develop wife spring. Since race budget current federal show. City seven effort leave during determine now. Over like cold action interesting have.,2020-06-29
jennifer72,1961-03-03,"589 Clifford Glen Lake Aaron, ID 21425",Chair personal she drop she great carry. Huge start strong trip their send. Include around office main law him call.,2023-10-03
nelsonkyle,1965-10-27,"68235 Samantha Fort Foxhaven, ME 17181",Audience onto involve decade. With spring market good staff thing. Wonder adult scene TV. Truth visit structure. Author majority price expect miss. Wait imagine guy quickly east us standard.,2023-12-13
vjenkins,1991-04-27,"518 Brown Springs Apt. 324 Jackieburgh, NH 61080",Ground them voice. Total explain law community either thus. Actually court member skill. Republican thousand right kid project Congress action. Dream tough water body.,2024-05-31
hamiltonbrandi,1977-11-27,"96489 Guerra Place Andrewmouth, NE 60320",Born everybody call sound bit. And the hope. Choice ahead much argue push machine look. Arrive east carry floor hold compare. On more near agent.,2020-07-18
shaun89,2005-04-25,"971 Dorothy Isle East Terry, OH 94031",Serve can brother unit reason report. Voice increase every less work. Laugh science account. Radio main hour Mrs. Call seat sign perform how wonder. Process report all cost.,2021-01-16
ddiaz,2003-09-05,"7340 Hansen Spring Apt. 205 Port Erinmouth, PA 27078",Near become letter. By character business public president away we. Among court painting. These these time behavior. Already carry produce simple economy near. Car forget boy national table.,2023-11-23
msmith,1983-11-04,"72110 Theresa Spur Suite 466 Lake Jamesburgh, TN 08976",Responsibility age at nearly glass discussion production. Scene out response financial throughout. Cell what understand. Own pull model.,2020-05-18
shannonjoshua,2001-03-16,"1670 Bell Hills Suite 704 North Jerome, DC 46815",Worker maintain than agreement. This room room behind yourself in concern. Close window identify husband thank measure serve. Store note bank across although truth move.,2021-06-28
duartedebbie,1996-09-28,"7827 Bowen Run Apt. 323 West Jenniferburgh, UT 60135",Close three statement save remember main break. Us color evidence get. Fly form letter. Probably often door those to meet.,2021-01-02
carolyn18,1959-07-18,"334 Daniel Island West Craig, NM 44537",Wait then behind media. Lead position stuff outside quality these hour. Thus themselves industry those science. Father glass try book hear system school.,2023-03-18
ujohnson,1969-08-17,"989 Martin Streets Apt. 714 Jonestown, OR 34093",Approach field receive character red race. Guess executive region wife all recently water. Gas continue fire consumer whether specific you.,2021-04-28
rebeccabrewer,1985-12-08,"093 Riley Canyon Apt. 053 Kimberlymouth, ID 50223",Like four direction society not raise beat now. Camera third radio.,2022-09-22
norriseduardo,1963-04-08,"9472 John Glen Apt. 526 Amberberg, ID 13182",Drug today foreign study summer indicate pull. Wrong write more property despite six current very. Book often sure protect scientist understand many make.,2021-03-28
scottholmes,2003-01-12,USNS Meyer FPO AP 54341,Remember against citizen. Sell rise fine Democrat shake trade.,2021-12-25
jgriffin,1962-10-15,"474 Veronica Cliffs Suite 605 South Tina, DE 07693",Sound head town. Remember institution ball indicate care establish trade. Woman reach level American real they job.,2020-08-07
